"id","name_zh","name_en","election_type","person_id","matched","year","cacode","constituency_id","age","political_affiliation","camp","candidate_number","occupation","nominated_at","nominate_status","votes","vote_percentage","is_won"
4406,"許智峯","","ordinary",1014,,2019,"A01",,,"民主黨","民主",,"立法會、區議會議員","2019-10-04","nominated",0,0,false
4407,"黃鐘蔚","","ordinary",2730,,2019,"A01",,," ","建制",," ","2019-10-09","nominated",0,0,false
4408,"莫淦森","","ordinary",2454,,2019,"A02",,,"民主建港協進聯盟","建制",,"立法會議員助理","2019-10-04","nominated",0,0,false
4409,"吳兆康","","ordinary",1698,,2019,"A02",,,"民主黨","民主",,"區議員","2019-10-08","nominated",0,0,false
4410,"鄭麗琼","","ordinary",2250,,2019,"A03",,,"民主黨","民主",,"中西區區議員、註冊社會工作者","2019-10-04","nominated",0,0,false
4411,"馮家亮","","ordinary",2455,,2019,"A03",,,"自由黨","建制",,"商人","2019-10-04","nominated",0,0,false
4412,"楊哲安","","ordinary",1898,,2019,"A04",,,"自由黨","建制",,"公司董事","2019-10-04","nominated",0,0,false
4413,"歐頌賢","","ordinary",2456,,2019,"A05",,,"獨立候選人","其他",,"機械工程師","2019-10-04","nominated",0,0,false
4414,"任嘉兒","","ordinary",2458,,2019,"A05",,," ","民主",,"註冊護士","2019-10-08","nominated",0,0,false
4415,"陳捷貴","","ordinary",2228,,2019,"A05",,,"獨立候選人","建制",,"物業管理經理","2019-10-08","nominated",0,0,false
4416,"楊開永","","ordinary",2058,,2019,"A06",,,"民主建港協進聯盟","建制",," ","2019-10-04","nominated",0,0,false
4417,"梁晃維","","ordinary",2460,,2019,"A06",,,"獨立","民主",,"大學生","2019-10-08","nominated",0,0,false
4418,"陳學鋒","","ordinary",776,,2019,"A07",,,"民主建港協進聯盟","建制",,"銀行從業員","2019-10-04","nominated",0,0,false
4419,"黃健菁","","ordinary",2461,,2019,"A07",,,"民主動力","民主",,"獨立理財顧問","2019-10-08","nominated",0,0,false
4420,"張國鈞","","ordinary",829,,2019,"A08",,,"民建聯","建制",,"律師","2019-10-04","nominated",0,0,false
4421,"彭家浩","","ordinary",2462,,2019,"A08",,,"民主派","民主",,"社區主任","2019-10-08","nominated",0,0,false
4422,"楊浩然","","ordinary",2243,,2019,"A09",,,"民主黨","民主",,"律師","2019-10-04","nominated",0,0,false
4423,"葉永成","","ordinary",2001,,2019,"A09",,," ","建制",,"行政人員","2019-10-11","nominated",0,0,false
4424,"陳財喜","","ordinary",2227,,2019,"A10",,," ","建制",,"中西區區議員","2019-10-05","nominated",0,0,false
4425,"葉錦龍","","ordinary",1890,,2019,"A10",,," ","民主",,"項目統籌","2019-10-08","nominated",0,0,false
4426,"劉天正","","ordinary",2463,,2019,"A11",,,"民主建港協進聯盟","建制",,"企業傳訊主任","2019-10-04","nominated",0,0,false
4427,"黃永志","","ordinary",2464,,2019,"A11",,," ","民主",,"社區工作者","2019-10-08","nominated",0,0,false
4428,"甘乃威","","ordinary",2159,,2019,"A12",,,"民主黨","民主",,"中西區區議員、註冊社工","2019-10-04","nominated",0,0,false
4429,"呂鴻賓","","ordinary",1800,,2019,"A12",,,"工聯會","建制",,"註冊社工","2019-10-04","nominated",0,0,false
4430,"伍凱欣","","ordinary",598,,2019,"A13",,,"民主黨","民主",,"中西區區議員","2019-10-04","nominated",0,0,false
4431,"張嘉恩","","ordinary",2465,,2019,"A13",,,"民主建港協進聯盟","建制",,"會計","2019-10-04","nominated",0,0,false
4432,"張啟昕","","ordinary",1584,,2019,"A14",,,"民主黨","民主",,"項目主任","2019-10-08","nominated",0,0,false
4433,"李志恒","","ordinary",124,,2019,"A14",,," ","建制",,"執業律師","2019-10-09","nominated",0,0,false
4434,"楊學明","","ordinary",164,,2019,"A15",,,"民建聯","建制",,"業務拓展總監","2019-10-04","nominated",0,0,false
4435,"何致宏","","ordinary",2466,,2019,"A15",,,"民主派","民主",,"工程公司行政人員","2019-10-08","nominated",0,0,false
4436,"夏希諾","","ordinary",1757,,2019,"B01",,,"獨立","民主",,"社區主任","2019-10-08","nominated",0,0,false
4437,"顧國慧","","ordinary",2731,,2019,"B01",,,"獨立候選人","民主",,"室內建設規劃","2019-10-09","nominated",0,0,false
4438,"穆家駿","","ordinary",2467,,2019,"B02",,,"民建聯","建制",,"中學教師","2019-10-05","nominated",0,0,false
4439,"羅偉珊","","ordinary",2732,,2019,"B02",,,"獨立候選人","民主",,"藝術行政經理","2019-10-09","nominated",0,0,false
4440,"鍾嘉敏","","ordinary",34,,2019,"B03",,,"民建聯","建制",,"註冊社工","2019-10-05","nominated",0,0,false
4441,"麥景星","","ordinary",2733,,2019,"B03",,,"獨立候選人","民主",,"數據分析師","2019-10-09","nominated",0,0,false
4442,"邱汶珊","","ordinary",2734,,2019,"B04",,,"獨立候選人","民主",," ","2019-10-09","nominated",0,0,false
4443,"李永財","","ordinary",2468,,2019,"B05",,,"民主動力、維協","民主",,"社區主任","2019-10-04","nominated",0,0,false
4444,"周潔冰","","ordinary",2235,,2019,"B05",,,"民主建港協進聯盟","建制",,"全職區議員","2019-10-04","nominated",0,0,false
4445,"李文龍","","ordinary",602,,2019,"B06",,,"獨立","建制",,"全職區議員","2019-10-05","nominated",0,0,false
4446,"陳鈺琳","","ordinary",2735,,2019,"B06",,,"獨立候選人","民主",,"科技初創項目經理","2019-10-09","nominated",0,0,false
4447,"廖添誠","","ordinary",2469,,2019,"B07",,,"獨立候選人","建制",,"講師","2019-10-04","nominated",0,0,false
4448,"楊雪盈","","ordinary",1729,,2019,"B07",,,"獨立候選人","民主",,"區議員","2019-10-09","nominated",0,0,false
4449,"張朝敦","","ordinary",2736,,2019,"B08",,,"獨立候選人","民主",,"學者","2019-10-09","nominated",0,0,false
4450,"楊子雋","","ordinary",2737,,2019,"B09",,,"獨立候選人","民主",,"社區規劃師","2019-10-09","nominated",0,0,false
4451,"陳詠霞","","ordinary",2470,,2019,"B10",,,"2047香港監察","民主",," ","2019-10-04","nominated",0,0,false
4452,"吳澤森","","ordinary",2471,,2019,"B10",,," ","建制",,"行政董事","2019-10-08","nominated",0,0,false
4453,"張嘉莉","","ordinary",2738,,2019,"B10",,," ","民主",,"藝術策劃人","2019-10-09","nominated",0,0,false
4454,"黃宏泰","","ordinary",2375,,2019,"B11",,,"獨立","建制",,"會計師","2019-10-08","nominated",0,0,false
4455,"周錦基","","ordinary",2739,,2019,"B11",,,"獨立候選人","民主",,"社交媒體公司創辦人","2019-10-09","nominated",0,0,false
4456,"李碧儀","","ordinary",920,,2019,"B12",,,"獨立","建制",,"區議員","2019-10-05","nominated",0,0,false
4457,"陳錦成","","ordinary",2740,,2019,"B12",,,"獨立候選人","民主",,"藝術工作者、平面設計師","2019-10-09","nominated",0,0,false
4458,"李均頤","","ordinary",2288,,2019,"B13",,,"民建聯","建制",,"全職區議員","2019-10-04","nominated",0,0,false
4459,"梁柏堅","","ordinary",1651,,2019,"B13",,," ","民主",,"特約記者及專業攝影師","2019-10-08","nominated",0,0,false
4460,"郭浩景","","ordinary",2741,,2019,"C02",,,"新民黨","建制",,"金融計量分析師","2019-10-09","nominated",0,0,false
4461,"張文嵩","","ordinary",2472,,2019,"C03",,," ","建制",,"社區主任、議員助理","2019-10-04","nominated",0,0,false
4462,"林梓鴻","","ordinary",2742,,2019,"C04",,,"新民黨","建制",,"市場推廣董事（資訊科技）","2019-10-09","nominated",0,0,false
4463,"麥德正","","ordinary",1504,,2019,"C04",,,"工黨","民主",,"區議員","2019-10-10","nominated",0,0,false
4464,"郭詠健","","ordinary",2473,,2019,"C05",,,"民主建港協進聯盟","建制",,"旅遊從業員","2019-10-08","nominated",0,0,false
4465,"蘇逸恒","","ordinary",2820,,2019,"C05",,,"民主黨","民主",,"社區工作主任","2019-10-10","nominated",0,0,false
4466,"梁詠詩","","ordinary",2063,,2019,"C06",,," ","民主",,"中學教師","2019-10-04","nominated",0,0,false
4467,"林心亷","","ordinary",938,,2019,"C06",,,"民主建港協進聯盟","建制",,"旅遊從業員","2019-10-08","nominated",0,0,false
4468,"郭志聰","","ordinary",2821,,2019,"C07",,,"灣東願景","民主",,"資訊科技項目總經理","2019-10-10","nominated",0,0,false
4469,"何毅淦","","ordinary",716,,2019,"C08",,,"香港工會聯合會","建制",,"全職區議員","2019-10-04","nominated",0,0,false
4470,"劉淑燕","","ordinary",2474,,2019,"C09",,,"民主建港協進聯盟、香港工會聯合會","建制",,"議員助理","2019-10-04","nominated",0,0,false
4471,"黃健興","","ordinary",674,,2019,"C10",,," ","建制",," ","2019-10-04","nominated",0,0,false
4472,"陳儀真","","ordinary",2475,,2019,"C10",,," ","其他",," ","2019-10-04","nominated",0,0,false
4473,"朱日安","","ordinary",1454,,2019,"C11",,,"獨立","其他",,"董事","2019-10-04","nominated",0,0,false
4474,"李樂昕","","ordinary",1954,,2019,"C11",,,"香港工會聯合會、民主建港協進聯盟","建制",,"議員助理","2019-10-11","nominated",0,0,false
4475,"楊漢成","","ordinary",51,,2019,"C12",,," ","其他",,"公司董事","2019-10-04","nominated",0,0,false
4476,"梁國鴻","","ordinary",1173,,2019,"C12",,,"香港工會聯合會","建制",," ","2019-10-04","nominated",0,0,false
4477,"龔栢祥","","ordinary",751,,2019,"C13",,,"民主建港協進聯盟","建制",,"客戶經理","2019-10-08","nominated",0,0,false
4478,"陳凱榮","","ordinary",2476,,2019,"C14",,,"民主建港協進聯盟、香港工會聯合會","建制",,"社區研究員","2019-10-04","nominated",0,0,false
4479,"黎志強","","ordinary",2361,,2019,"C14",,,"公民黨","民主",,"全職區議員","2019-10-08","nominated",0,0,false
4480,"賴翊銘","","ordinary",2477,,2019,"C15",,," ","民主",,"資訊科技主任","2019-10-08","nominated",0,0,false
4481,"李清霞","","ordinary",2743,,2019,"C15",,,"民主建港協進聯盟","建制",,"區議員助理","2019-10-09","nominated",0,0,false
4482,"阮建中","","ordinary",2744,,2019,"C16",,,"自由黨","建制",,"公司董事","2019-10-09","nominated",0,0,false
4483,"羅榮焜","","ordinary",2191,,2019,"C17",,," ","建制",,"區議員","2019-10-08","nominated",0,0,false
4484,"陳嘉佑","","ordinary",2478,,2019,"C17",,," ","民主",,"社區幹事","2019-10-08","nominated",0,0,false
4485,"許清安","","ordinary",2236,,2019,"C18",,,"獨立","建制",,"法律及財務顧問","2019-10-04","nominated",0,0,false
4486,"樊熙泰","","ordinary",2479,,2019,"C18",,," ","其他",," ","2019-10-08","nominated",0,0,false
4487,"仇栩欣","","ordinary",2745,,2019,"C18",,," ","民主",," ","2019-10-09","nominated",0,0,false
4488,"郭偉强","","ordinary",886,,2019,"C19",,,"香港工會聯合會","建制",,"全職議員","2019-10-04","nominated",0,0,false
4489,"陳嘉陽","","ordinary",2839,,2019,"C19",,," ","民主",,"機艙事務長","2019-10-11","nominated",0,0,false
4490,"洪連杉","","ordinary",730,,2019,"C20",,,"民主建港協進聯盟","建制",,"中學教師","2019-10-08","nominated",0,0,false
4491,"傅佳琳","","ordinary",2840,,2019,"C20",,," ","民主",," ","2019-10-11","nominated",0,0,false
4492,"洪志傑","","ordinary",342,,2019,"C21",,,"民主建港協進聯盟","建制",,"中學教師","2019-10-09","nominated",0,0,false
4493,"曾卓兒","","ordinary",1501,,2019,"C22",,,"自由黨","建制",,"養生導師","2019-10-09","nominated",0,0,false
4494,"鄭志成","","ordinary",2363,,2019,"C23",,,"民主建港協進聯盟","建制",,"區議員","2019-10-04","nominated",0,0,false
4495,"丁江浩","","ordinary",41,,2019,"C24",,,"民主建港協進聯盟","建制",,"中學教師","2019-10-08","nominated",0,0,false
4496,"張國昌","","ordinary",1893,,2019,"C25",,,"民主黨","民主",,"東區區議員","2019-10-08","nominated",0,0,false
4497,"王詩展","","ordinary",1894,,2019,"C25",,,"香港經濟民生聯盟","建制",," ","2019-10-10","nominated",0,0,false
4498,"魏志豪","","ordinary",2480,,2019,"C26",,,"公民黨","民主",,"資訊科技顧問","2019-10-08","nominated",0,0,false
4499,"周卓然","","ordinary",2746,,2019,"C26",,,"新民黨","建制",,"銀行副總裁","2019-10-09","nominated",0,0,false
4500,"梁兆新","","ordinary",2260,,2019,"C27",,,"公民黨","民主",,"區議員","2019-10-08","nominated",0,0,false
4501,"劉聖雪","","ordinary",2747,,2019,"C27",,,"新民黨","建制",,"法律博士學生、社區發展主任","2019-10-09","nominated",0,0,false
4502,"許林慶","","ordinary",719,,2019,"C28",,,"香港工會聯合會","建制",,"區議員","2019-10-04","nominated",0,0,false
4503,"張振傑","","ordinary",2481,,2019,"C28",,,"興東東熹環境關注組","民主",,"土木工程師","2019-10-05","nominated",0,0,false
4504,"王志鍾","","ordinary",1142,,2019,"C29",,,"民主建港協進聯盟","建制",," ","2019-10-08","nominated",0,0,false
4505,"何偉倫","","ordinary",2822,,2019,"C29",,,"工黨","民主",,"註冊社工、社區幹事","2019-10-10","nominated",0,0,false
4506,"吳清清","","ordinary",2482,,2019,"C30",,,"香港工會聯合會","建制",," ","2019-10-04","nominated",0,0,false
4507,"周卓奇","","ordinary",2748,,2019,"C30",,,"民主黨","民主",,"議員助理","2019-10-09","nominated",0,0,false
4508,"劉慶揚","","ordinary",603,,2019,"C31",,,"民主建港協進聯盟","建制",,"區議員","2019-10-08","nominated",0,0,false
4509,"李進秋","","ordinary",604,,2019,"C32",,,"無黨派","建制",,"全職區議員","2019-10-08","nominated",0,0,false
4510,"李鎮強","","ordinary",1257,,2019,"C33",,,"自由黨","建制",,"經理","2019-10-09","nominated",0,0,false
4511,"蔡翠雲","","ordinary",2483,,2019,"C34",,,"獨立","其他",," ","2019-10-04","nominated",0,0,false
4512,"劉堅","","ordinary",2484,,2019,"C34",,,"民主建港協進聯盟、香港工會聯合會","建制",,"公司董事","2019-10-04","nominated",0,0,false
4513,"陳真真","","ordinary",2447,,2019,"C35",,," ","其他",," ","2019-10-04","nominated",0,0,false
4514,"植潔鈴","","ordinary",1589,,2019,"C35",,,"民主建港協進聯盟、香港工會聯合會","建制",,"區議員","2019-10-09","nominated",0,0,false
4515,"任葆琳","","ordinary",1805,,2019,"D01",,,"獨立候選人","建制",,"公司董事","2019-10-04","nominated",0,0,false
4516,"黃銳熺","","ordinary",2485,,2019,"D01",,,"民主派","民主",,"社區主任","2019-10-04","nominated",0,0,false
4517,"林玉珍","","ordinary",1246,,2019,"D02",,,"獨立候選人","建制",,"全職南區區議員","2019-10-04","nominated",0,0,false
4518,"陳堡明","","ordinary",2486,,2019,"D02",,,"民主黨","民主",,"社區主任","2019-10-04","nominated",0,0,false
4519,"張錫容","","ordinary",130,,2019,"D03",,,"獨立候選人","建制",,"全職區議員","2019-10-04","nominated",0,0,false
4520,"陳炳洋","","ordinary",2487,,2019,"D03",,,"民主黨","民主",,"議員助理","2019-10-04","nominated",0,0,false
4521,"陳欣兒","","ordinary",2488,,2019,"D04",,,"民主黨","民主",,"議員助理","2019-10-04","nominated",0,0,false
4522,"吳啓新","","ordinary",2489,,2019,"D04",,,"民建聯","建制",,"社區主任","2019-10-05","nominated",0,0,false
4523,"羅健熙","","ordinary",921,,2019,"D05",,,"民主黨","民主",,"南區區議員","2019-10-04","nominated",0,0,false
4524,"譚晉杰","","ordinary",2490,,2019,"D05",,,"民建聯、工聯會","建制",,"社區主任","2019-10-05","nominated",0,0,false
4525,"俞竣晞","","ordinary",2491,,2019,"D06",,,"公民黨","民主",,"地區發展主任","2019-10-04","nominated",0,0,false
4526,"林啟暉","","ordinary",2116,,2019,"D06",,,"獨立候選人","建制",,"策劃顧問","2019-10-09","nominated",0,0,false
4527,"黃之鋒","","ordinary",2492,,2019,"D07",,,"民主派","民主",,"社區幹事","2019-10-04","nominated",0,0,false
4528,"陳家珮","","ordinary",1897,,2019,"D07",,,"新民黨","建制",,"區議員","2019-10-09","nominated",0,0,false
4529,"潘秉康","","ordinary",2493,,2019,"D08",,,"民主黨","民主",,"議員助理","2019-10-04","nominated",0,0,false
4530,"麥謝巧玲","","ordinary",2245,,2019,"D08",,,"民建聯","建制",,"校長","2019-10-05","nominated",0,0,false
4531,"黎熙琳","","ordinary",721,,2019,"D09",,,"民主黨","民主",,"社區發展主任","2019-10-04","nominated",0,0,false
4532,"黃才立","","ordinary",1176,,2019,"D09",,,"民建聯、工聯會","建制",,"高級理財策劃經理","2019-10-05","nominated",0,0,false
4533,"嚴駿豪","","ordinary",2494,,2019,"D10",,,"民主黨","民主",,"議員助理","2019-10-04","nominated",0,0,false
4534,"張偉楠","","ordinary",2495,,2019,"D10",,,"民建聯","建制",,"社區主任","2019-10-05","nominated",0,0,false
4535,"姚潔凝","","ordinary",1808,,2019,"D11",,," ","建制",," ","2019-10-04","nominated",0,0,false
4536,"蕭煒忠","","ordinary",2496,,2019,"D11",,,"民建聯","建制",,"公司董事","2019-10-05","nominated",0,0,false
4537,"司馬文","","ordinary",241,,2019,"D11",,,"獨立民主派","民主",,"區議員","2019-10-08","nominated",0,0,false
4538,"林德和","","ordinary",2497,,2019,"D12",,,"民主派","民主",,"大學助教","2019-10-04","nominated",0,0,false
4539,"羅霄","","ordinary",2749,,2019,"D12",,,"獨立","建制",,"創辦人","2019-10-09","nominated",0,0,false
4540,"袁嘉蔚","","ordinary",2498,,2019,"D13",,,"民主派","民主",,"議員助理","2019-10-04","nominated",0,0,false
4541,"陳富明","","ordinary",1175,,2019,"D13",,,"獨立","建制",,"公司董事","2019-10-08","nominated",0,0,false
4542,"朱立威","","ordinary",175,,2019,"D14",,,"民建聯","建制",,"區議員","2019-10-05","nominated",0,0,false
4543,"陳衍冲","","ordinary",2499,,2019,"D14",,,"獨立民主派","民主",,"生產部經理","2019-10-08","nominated",0,0,false
4544,"徐遠華","","ordinary",467,,2019,"D15",,,"民主黨","民主",,"全職區議員","2019-10-04","nominated",0,0,false
4545,"陳榮恩","","ordinary",2010,,2019,"D15",,,"工聯會、民建聯","建制",," ","2019-10-05","nominated",0,0,false
4546,"丁偉良","","ordinary",2500,,2019,"D16",,,"沒有政治聯繫","民主",,"教師","2019-10-05","nominated",0,0,false
4547,"梁進","","ordinary",2501,,2019,"D16",,,"自由黨","建制",,"公司董事","2019-10-08","nominated",0,0,false
4548,"陳順意","","ordinary",2502,,2019,"D17",,,"無黨派候選人","其他",,"退休人仕","2019-10-08","nominated",0,0,false
4549,"李佩英","","ordinary",1657,,2019,"D17",,," ","建制",,"董事","2019-10-08","nominated",0,0,false
4550,"梁幸輝","","ordinary",2503,,2019,"E01",,,"獨立候選人","其他",,"總幹事","2019-10-08","nominated",0,0,false
4551,"潘景和","","ordinary",2750,,2019,"E01",,,"民建聯","建制",,"市場總監","2019-10-09","nominated",0,0,false
4552,"馮檢基","","ordinary",1368,,2019,"E01",,," ","其他",,"政治人","2019-10-09","nominated",0,0,false
4553,"陳嘉朗","","ordinary",2823,,2019,"E01",,,"獨立民主派","民主",," ","2019-10-10","nominated",0,0,false
4554,"李穎妍","","ordinary",2504,,2019,"E02",,,"民主黨","民主",,"立法會議員助理","2019-10-04","nominated",0,0,false
4555,"孔昭華","","ordinary",46,,2019,"E02",,,"民建聯","建制",,"公司董事","2019-10-05","nominated",0,0,false
4556,"朱慧芳","","ordinary",2824,,2019,"E03",,,"民主動力","民主",,"註冊護士","2019-10-10","nominated",0,0,false
4557,"胡穗珊","","ordinary",2505,,2019,"E04",,,"社區前進","民主",,"社區幹事","2019-10-04","nominated",0,0,false
4558,"楊子熙","","ordinary",1148,,2019,"E04",,,"民建聯","建制",,"區議員","2019-10-09","nominated",0,0,false
4559,"李偉峰","","ordinary",420,,2019,"E05",,,"民主黨","民主",,"立法會議員助理","2019-10-04","nominated",0,0,false
4560,"鍾港武","","ordinary",1252,,2019,"E05",,,"民建聯","建制",,"區議員","2019-10-09","nominated",0,0,false
4561,"許德亮","","ordinary",971,,2019,"E06",,," ","建制",,"區議員、社工","2019-10-04","nominated",0,0,false
4562,"陳源彬","","ordinary",1543,,2019,"E06",,,"獨立民主派","民主",," ","2019-10-04","nominated",0,0,false
4563,"余德寶","","ordinary",1738,,2019,"E07",,,"公民黨","民主",,"區議員","2019-10-08","nominated",0,0,false
4564,"陳德立","","ordinary",2841,,2019,"E07",,,"獨立","建制",,"壽險管理師","2019-10-11","nominated",0,0,false
4565,"涂謹申","","ordinary",1027,,2019,"E08",,,"民主黨","民主",,"律師、立法會議員","2019-10-04","nominated",0,0,false
4566,"李家軒","","ordinary",2825,,2019,"E08",,," ","其他",,"註冊教師","2019-10-10","nominated",0,0,false
4567,"鍾澤暉","","ordinary",1899,,2019,"E09",,," ","建制",,"全職區議員","2019-10-04","nominated",0,0,false
4568,"伍僥敏","","ordinary",2506,,2019,"E09",,,"公民黨","民主",,"立法會議員助理","2019-10-08","nominated",0,0,false
4569,"曾自鳴","","ordinary",2507,,2019,"E10",,,"民主黨","民主",,"立法會議員助理","2019-10-04","nominated",0,0,false
4570,"蔡少峰","","ordinary",784,,2019,"E10",,,"民建聯","建制",," ","2019-10-09","nominated",0,0,false
4571,"李傲然","","ordinary",2508,,2019,"E11",,," ","民主",,"大學校董","2019-10-08","nominated",0,0,false
4572,"劉柏祺","","ordinary",567,,2019,"E11",,,"民建聯","建制",,"區議員、社區工作者","2019-10-09","nominated",0,0,false
4573,"李國權","","ordinary",2450,,2019,"E12",,,"社區前進","民主",,"註冊社工","2019-10-04","nominated",0,0,false
4574,"林兆彬","","ordinary",2509,,2019,"E14",,,"社區前進","民主",,"註冊社工","2019-10-04","nominated",0,0,false
4575,"仇振輝","","ordinary",2175,,2019,"E15",,," ","建制",,"公司經理","2019-10-04","nominated",0,0,false
4576,"朱江瑋","","ordinary",2510,,2019,"E15",,,"社區前進","民主",," ","2019-10-04","nominated",0,0,false
4577,"林健文","","ordinary",1302,,2019,"E16",,,"無政黨民主派","民主",,"律師","2019-10-04","nominated",0,0,false
4578,"李文傑","","ordinary",2511,,2019,"E16",,," ","建制",," ","2019-10-04","nominated",0,0,false
4579,"朱子洛","","ordinary",2512,,2019,"E17",,,"民主黨","民主",,"研究主任","2019-10-04","nominated",0,0,false
4580,"鄧銘心","","ordinary",864,,2019,"E17",,," ","建制",,"土木工程師","2019-10-08","nominated",0,0,false
4581,"何富榮","","ordinary",2513,,2019,"E18",,,"獨立","民主",,"金融分析員","2019-10-08","nominated",0,0,false
4582,"楊鎮華","","ordinary",1507,,2019,"E18",,,"民建聯","建制",,"信息及通訊技術專家","2019-10-09","nominated",0,0,false
4583,"葉傲冬","","ordinary",90,,2019,"E19",,,"民建聯","建制",,"新聞行政人員、區議員","2019-10-09","nominated",0,0,false
4584,"賀卓軒","","ordinary",2514,,2019,"E20",,,"社區前進","民主",,"註冊社工","2019-10-04","nominated",0,0,false
4585,"關秀玲","","ordinary",925,,2019,"E20",,,"民建聯","建制",,"區議員","2019-10-09","nominated",0,0,false
4586,"麥偉明","","ordinary",678,,2019,"F01",,,"民協","民主",," ","2019-10-04","nominated",0,0,false
4587,"譚振宇","","ordinary",2515,,2019,"F01",,,"香港經濟民生聯盟","建制",," ","2019-10-04","nominated",0,0,false
4588,"李頴彰","","ordinary",2842,,2019,"F01",,," ","其他",,"律師","2019-10-11","nominated",0,0,false
4589,"李文浩","","ordinary",1508,,2019,"F02",,,"長沙灣社區發展力量","民主",," ","2019-10-08","nominated",0,0,false
4590,"龐朝輝","","ordinary",2751,,2019,"F02",,,"香港經濟民生聯盟","建制",," ","2019-10-09","nominated",0,0,false
4591,"鄭泳舜","","ordinary",1087,,2019,"F03",,,"民建聯","建制",,"立法會議員、區議員","2019-10-09","nominated",0,0,false
4592,"冼錦豪","","ordinary",2516,,2019,"F04",,," ","民主",,"社區主任","2019-10-08","nominated",0,0,false
4593,"陳國偉","","ordinary",1661,,2019,"F04",,,"香港經濟民生聯盟、西九新動力","建制",,"區議員、社工","2019-10-11","nominated",0,0,false
4594,"何啟明","","ordinary",1846,,2019,"F05",,,"民協","民主",," ","2019-10-08","nominated",0,0,false
4595,"陳龍傑","","ordinary",2752,,2019,"F05",,,"民建聯","建制",,"立法會議員助理","2019-10-09","nominated",0,0,false
4596,"李庭豐","","ordinary",2073,,2019,"F06",,,"民協","民主",,"社區主任","2019-10-08","nominated",0,0,false
4597,"李詠民","","ordinary",1342,,2019,"F06",,,"勞聯","建制",,"區議員","2019-10-11","nominated",0,0,false
4598,"林倩同","","ordinary",2517,,2019,"F07",,," ","民主",,"社區主任","2019-10-08","nominated",0,0,false
4599,"劉佩玉","","ordinary",927,,2019,"F07",,,"民建聯","建制",,"區議員","2019-10-09","nominated",0,0,false
4600,"衞煥南","","ordinary",1151,,2019,"F08",,,"民協","民主",,"區議員","2019-10-04","nominated",0,0,false
4601,"李炯","","ordinary",1745,,2019,"F10",,,"香港民主民生協進會","民主",," ","2019-10-04","nominated",0,0,false
4602,"陳穎欣","","ordinary",2011,,2019,"F10",,,"工聯會、民建聯","建制",,"全職區議員","2019-10-09","nominated",0,0,false
4603,"徐溢軒","","ordinary",2518,,2019,"F11",,,"香港民主民生協進會","民主",,"註冊社工","2019-10-08","nominated",0,0,false
4604,"張德偉","","ordinary",2012,,2019,"F11",,,"民建聯","建制",," ","2019-10-09","nominated",0,0,false
4605,"鄒穎恒","","ordinary",1662,,2019,"F12",,,"民主黨","民主",,"區議員","2019-10-08","nominated",0,0,false
4606,"袁海文","","ordinary",423,,2019,"F13",,,"民主黨","民主",,"區議員","2019-10-05","nominated",0,0,false
4607,"李祺逢","","ordinary",1564,,2019,"F13",,,"香港經濟民生聯盟","建制",," ","2019-10-09","nominated",0,0,false
4608,"楊彧","","ordinary",1778,,2019,"F14",,,"民協","民主",,"區議員","2019-10-08","nominated",0,0,false
4609,"吳婉秋","","ordinary",2753,,2019,"F14",,,"民建聯","建制",," ","2019-10-09","nominated",0,0,false
4610,"周琬雯","","ordinary",2519,,2019,"F15",,,"公民黨","民主",," ","2019-10-08","nominated",0,0,false
4611,"伍月蘭","","ordinary",975,,2019,"F16",,,"公民黨","民主",,"區議員","2019-10-08","nominated",0,0,false
4612,"李俊晞","","ordinary",1742,,2019,"F17",,,"公民黨","民主",,"地區發展主任","2019-10-08","nominated",0,0,false
4613,"覃德誠","","ordinary",2304,,2019,"F18",,,"民協","民主",,"全職區議員","2019-10-08","nominated",0,0,false
4614,"周晉輝","","ordinary",2754,,2019,"F18",,,"西九新動力","建制",,"社區幹事","2019-10-09","nominated",0,0,false
4615,"利瀚庭","","ordinary",2520,,2019,"F19",,,"民協","民主",,"社區主任","2019-10-08","nominated",0,0,false
4616,"陳偉明","","ordinary",1283,,2019,"F19",,,"民主建港協進聯盟","建制",,"區議員","2019-10-09","nominated",0,0,false
4617,"陳銘基","","ordinary",2521,,2019,"F20",,,"民協","民主",," ","2019-10-08","nominated",0,0,false
4618,"何坤洲","","ordinary",2755,,2019,"F20",,,"民建聯","建制",," ","2019-10-09","nominated",0,0,false
4619,"陳鏡秋","","ordinary",2125,,2019,"F21",,,"香港經濟民生聯盟","建制",," ","2019-10-08","nominated",0,0,false
4620,"吳美","","ordinary",280,,2019,"F22",,," ","民主",,"區議員","2019-10-04","nominated",0,0,false
4621,"羅國豪","","ordinary",2756,,2019,"F22",,,"西九新動力","建制",,"深水埗統籌主任","2019-10-09","nominated",0,0,false
4622,"甄啟榮","","ordinary",1744,,2019,"F23",,,"無黨派","其他",,"區議員","2019-10-04","nominated",0,0,false
4623,"李梓敬","","ordinary",1580,,2019,"F24",,,"自由黨","建制",,"公司董事、區議員","2019-10-04","nominated",0,0,false
4624,"陳麗紅","","ordinary",2522,,2019,"F25",,," ","建制",," ","2019-10-04","nominated",0,0,false
4625,"譚國僑","","ordinary",1365,,2019,"F25",,,"香港民主民生協進會","民主",,"全職區議員","2019-10-04","nominated",0,0,false
4626,"曾健超","","ordinary",587,,2019,"G01",,,"獨立","民主",,"註冊社工","2019-10-04","nominated",0,0,false
4627,"邵天虹","","ordinary",1848,,2019,"G01",,,"民建聯","建制",,"區議員","2019-10-09","nominated",0,0,false
4628,"楊振宇","","ordinary",1001,,2019,"G02",,,"無政黨民主派","民主",,"區議員","2019-10-08","nominated",0,0,false
4629,"黎廣偉","","ordinary",1812,,2019,"G03",,,"民主黨","民主",,"區議員","2019-10-04","nominated",0,0,false
4630,"鄧巧彤","","ordinary",2523,,2019,"G03",,,"工聯會","建制",," ","2019-10-04","nominated",0,0,false
4631,"馬希鵬","","ordinary",2074,,2019,"G04",,,"民主黨","民主",,"社區主任","2019-10-04","nominated",0,0,false
4632,"關浩洋","","ordinary",1813,,2019,"G04",,,"民建聯","建制",,"區議員","2019-10-09","nominated",0,0,false
4633,"林正軒","","ordinary",2524,,2019,"G05",,,"民主派區選聯盟","民主",,"毛孟靜立法會議員助理","2019-10-04","nominated",0,0,false
4634,"楊永杰","","ordinary",812,,2019,"G05",,,"獨立候選人","建制",,"區議員","2019-10-08","nominated",0,0,false
4635,"黃永傑","","ordinary",940,,2019,"G06",,,"民主黨","民主",,"社工","2019-10-04","nominated",0,0,false
4636,"陸勁光","","ordinary",681,,2019,"G06",,,"民建聯","建制",,"律師","2019-10-09","nominated",0,0,false
4637,"鄭利明","","ordinary",1090,,2019,"G07",,," ","建制",,"副教授","2019-10-04","nominated",0,0,false
4638,"馮文韜","","ordinary",1739,,2019,"G07",,,"民主黨","民主",," ","2019-10-04","nominated",0,0,false
4639,"蕭亮聲","","ordinary",682,,2019,"G08",,,"民主黨","民主",,"區議員","2019-10-04","nominated",0,0,false
4640,"黃文港","","ordinary",2525,,2019,"G08",,," ","建制",,"社區主任","2019-10-08","nominated",0,0,false
4641,"丁健華","","ordinary",2014,,2019,"G09",,," ","建制",,"教育機構總監","2019-10-09","nominated",0,0,false
4642,"黃國桐","","ordinary",490,,2019,"G09",,,"民主黨","民主",,"律師","2019-10-11","nominated",0,0,false
4643,"何顯明","","ordinary",1412,,2019,"G10",,,"自由黨","建制",,"區議員","2019-10-04","nominated",0,0,false
4644,"温仲然","","ordinary",2526,,2019,"G10",,,"公民黨","民主",,"公司董事","2019-10-08","nominated",0,0,false
4645,"馮達浚","","ordinary",2527,,2019,"G11",,," ","民主",," ","2019-10-04","nominated",0,0,false
4646,"吳寶強","","ordinary",1154,,2019,"G11",,,"民建聯","建制",,"區議員","2019-10-09","nominated",0,0,false
4647,"曾俊達","","ordinary",2528,,2019,"G12",,," ","民主",,"註冊護士","2019-10-04","nominated",0,0,false
4648,"梁婉婷","","ordinary",1663,,2019,"G12",,,"經民聯","建制",,"區議員","2019-10-08","nominated",0,0,false
4649,"何華漢","","ordinary",2015,,2019,"G13",,,"經民聯","建制",," ","2019-10-04","nominated",0,0,false
4650,"黃業東","","ordinary",2843,,2019,"G13",,," ","民主",,"大學生","2019-10-11","nominated",0,0,false
4651,"張景勛","","ordinary",2529,,2019,"G14",,,"獨立候選人","建制",,"社區主任","2019-10-05","nominated",0,0,false
4652,"梁咏欣","","ordinary",2530,,2019,"G14",,,"公民黨","民主",,"議員助理","2019-10-08","nominated",0,0,false
4653,"童繼民","","ordinary",2531,,2019,"G15",,," ","民主",,"機艙艙務長","2019-10-04","nominated",0,0,false
4654,"潘國華","","ordinary",508,,2019,"G15",,,"民建聯","建制",,"業務總監","2019-10-09","nominated",0,0,false
4655,"李慧琼","","ordinary",2312,,2019,"G16",,,"民建聯","建制",,"議員、會計師","2019-10-09","nominated",0,0,false
4656,"李軒朗","","ordinary",2532,,2019,"G17",,,"民主派區選聯盟","民主",,"土瓜灣南社區主任","2019-10-04","nominated",0,0,false
4657,"林博","","ordinary",1515,,2019,"G17",,,"獨立候選人","建制",,"區議員","2019-10-08","nominated",0,0,false
4658,"郭天立","","ordinary",2533,,2019,"G18",,,"民主黨","民主",,"社區主任","2019-10-04","nominated",0,0,false
4659,"余志榮","","ordinary",1666,,2019,"G18",,,"獨立候選人","建制",,"商人","2019-10-05","nominated",0,0,false
4660,"關家倫","","ordinary",2534,,2019,"G19",,," ","民主",,"中醫師","2019-10-04","nominated",0,0,false
4661,"李超宇","","ordinary",2757,,2019,"G19",,,"經民聯","建制",,"社區幹事","2019-10-09","nominated",0,0,false
4662,"鄺葆賢","","ordinary",1851,,2019,"G20",,," ","民主",,"醫生、區議員","2019-10-04","nominated",0,0,false
4663,"鄭曉玲","","ordinary",1933,,2019,"G20",,," ","建制",," ","2019-10-08","nominated",0,0,false
4664,"任國棟","","ordinary",509,,2019,"G21",,," ","民主",,"社工","2019-10-04","nominated",0,0,false
4665,"黃馳","","ordinary",1903,,2019,"G21",,," ","建制",,"輔導員","2019-10-08","nominated",0,0,false
4666,"關兆倫","","ordinary",2535,,2019,"G22",,," ","民主",,"建築師","2019-10-04","nominated",0,0,false
4667,"林德成","","ordinary",1816,,2019,"G22",,,"民建聯","建制",,"業務拓展總監","2019-10-09","nominated",0,0,false
4668,"周熙雯","","ordinary",2536,,2019,"G23",,,"民主黨","民主",,"社區主任","2019-10-04","nominated",0,0,false
4669,"勞超傑","","ordinary",814,,2019,"G23",,," ","建制",,"律師","2019-10-08","nominated",0,0,false
4670,"麥瑞淇","","ordinary",2537,,2019,"G24",,,"民主黨","民主",,"議員助理","2019-10-04","nominated",0,0,false
4671,"吳奮金","","ordinary",230,,2019,"G24",,,"民建聯","建制",,"區議員","2019-10-09","nominated",0,0,false
4672,"陳麗君","","ordinary",1298,,2019,"G25",,,"民主黨","民主",,"議員助理","2019-10-04","nominated",0,0,false
4673,"左滙雄","","ordinary",816,,2019,"G25",,,"經民聯","建制",,"區議員","2019-10-08","nominated",0,0,false
4674,"梁嘉莉","","ordinary",2758,,2019,"G25",,,"獨立","民主",,"地區工作","2019-10-09","nominated",0,0,false
4675,"李東江","","ordinary",1569,,2019,"H01",,,"獨立候選人","建制",,"特許財務策劃師","2019-10-08","nominated",0,0,false
4676,"莊鼎威","","ordinary",2826,,2019,"H01",,,"民主動力","民主",,"客席高級導師","2019-10-10","nominated",0,0,false
4677,"郭秀英","","ordinary",1376,,2019,"H02",,," ","民主",,"全職區議員","2019-10-04","nominated",0,0,false
4678,"陳俊裕","","ordinary",2538,,2019,"H03",,,"獨立","民主",,"環保團體項目主任","2019-10-04","nominated",0,0,false
4679,"林文輝","","ordinary",2315,,2019,"H03",,,"工聯會","建制",,"區議員","2019-10-09","nominated",0,0,false
4680,"鄧惠强","","ordinary",2539,,2019,"H04",,,"民主黨","民主",,"政策研究主任","2019-10-04","nominated",0,0,false
4681,"越毅強","","ordinary",2540,,2019,"H05",,,"民建聯","建制",,"社區工作者","2019-10-04","nominated",0,0,false
4682,"張嘉宜","","ordinary",2541,,2019,"H05",,,"慈雲山建設力量","民主",,"職業治療師","2019-10-04","nominated",0,0,false
4683,"陳進雄","","ordinary",2759,,2019,"H06",,," ","建制",," ","2019-10-09","nominated",0,0,false
4684,"岳敬寬","","ordinary",1818,,2019,"H06",,,"獨立","其他",,"中藥店店長","2019-10-04","nominated",0,0,false
4685,"陳啟淳","","ordinary",2542,,2019,"H07",,," ","民主",,"銀行業務分析師","2019-10-04","nominated",0,0,false
4686,"李德康","","ordinary",2134,,2019,"H08",,,"民建聯","建制",,"全職區議員","2019-10-04","nominated",0,0,false
4687,"温子衆","","ordinary",2827,,2019,"H08",,,"人民力量","民主",,"香港機場地勤工作人員","2019-10-10","nominated",0,0,false
4688,"楊光富","","ordinary",2543,,2019,"H09",,,"民建聯","建制",,"教練","2019-10-04","nominated",0,0,false
4689,"施德來","","ordinary",1484,,2019,"H09",,,"民協","民主",,"區議員、註冊社工","2019-10-04","nominated",0,0,false
4690,"梁銘康","","ordinary",2544,,2019,"H10",,,"獨立","民主",,"工程顧問","2019-10-04","nominated",0,0,false
4691,"黎榮浩","","ordinary",1311,,2019,"H11",,,"民建聯","建制",,"區議員","2019-10-04","nominated",0,0,false
4692,"劉珈汶","","ordinary",2545,,2019,"H11",,,"公民黨","民主",,"全職議員助理","2019-10-04","nominated",0,0,false
4693,"鄭文杰","","ordinary",2546,,2019,"H12",,,"公民黨","民主",,"全職議員助理","2019-10-04","nominated",0,0,false
4694,"陳英","","ordinary",1518,,2019,"H13",,,"獨立候選人","其他",,"公司董事","2019-10-08","nominated",0,0,false
4695,"尤漢邦","","ordinary",2547,,2019,"H13",,," ","其他",," ","2019-10-08","nominated",0,0,false
4696,"許錦成","","ordinary",2204,,2019,"H14",,,"民協","民主",,"機構管理","2019-10-04","nominated",0,0,false
4697,"李健聰","","ordinary",2548,,2019,"H14",,,"工聯會","建制",,"社區幹事","2019-10-04","nominated",0,0,false
4698,"鄭梓健","","ordinary",2549,,2019,"H15",,," ","民主",,"樂器導師","2019-10-04","nominated",0,0,false
4699,"袁國強","","ordinary",475,,2019,"H16",,,"民建聯","建制",,"區議員","2019-10-04","nominated",0,0,false
4700,"張茂清","","ordinary",2550,,2019,"H16",,,"民主黨","民主",,"社區發展主任","2019-10-04","nominated",0,0,false
4701,"潘卓斌","","ordinary",2551,,2019,"H17",,,"民建聯","建制",,"社區工作者","2019-10-04","nominated",0,0,false
4702,"岑宇軒","","ordinary",2552,,2019,"H17",,,"慈雲山建設力量","民主",," ","2019-10-04","nominated",0,0,false
4703,"黃逸旭","","ordinary",286,,2019,"H18",,," ","民主",,"區議員","2019-10-04","nominated",0,0,false
4704,"何漢文","","ordinary",766,,2019,"H19",,,"民建聯","建制",,"全職區議員","2019-10-04","nominated",0,0,false
4705,"莫綺霞","","ordinary",2553,,2019,"H19",,," ","民主",,"大專院校教師培訓-兼任導師","2019-10-04","nominated",0,0,false
4706,"莫嘉嫻","","ordinary",2342,,2019,"H20",,,"民主黨","民主",,"社區顧問","2019-10-04","nominated",0,0,false
4707,"黃鎮健","","ordinary",2021,,2019,"H20",,,"香港工會聯合會","建制",,"註册理財師","2019-10-08","nominated",0,0,false
4708,"蔡子健","","ordinary",181,,2019,"H21",,,"民建聯","建制",,"全職區議員","2019-10-04","nominated",0,0,false
4709,"廖成利","","ordinary",764,,2019,"H21",,,"香港民主民生協進會","民主",,"律師","2019-10-04","nominated",0,0,false
4710,"江景新","","ordinary",2554,,2019,"H22",,,"民建聯","建制",,"投資顧問","2019-10-04","nominated",0,0,false
4711,"沈運華","","ordinary",1490,,2019,"H22",,,"民主黨","民主",,"律師","2019-10-04","nominated",0,0,false
4712,"陳利成","","ordinary",1313,,2019,"H23",,,"民主黨","民主",,"議員助理","2019-10-04","nominated",0,0,false
4713,"譚美普","","ordinary",1622,,2019,"H23",,,"工聯會、民建聯","建制",,"全職區議員","2019-10-09","nominated",0,0,false
4714,"胡志健","","ordinary",1672,,2019,"H24",,,"民主黨","民主",,"區議員","2019-10-04","nominated",0,0,false
4715,"蘇嘉樂","","ordinary",2555,,2019,"H24",,,"工聯會","建制",,"社區幹事","2019-10-08","nominated",0,0,false
4716,"莫灝哲","","ordinary",2556,,2019,"H25",,,"彩虹邨服務聯會","民主",,"聯席總幹事","2019-10-04","nominated",0,0,false
4717,"莫健榮","","ordinary",1834,,2019,"H25",,,"工聯會","建制",,"區議員","2019-10-04","nominated",0,0,false
4718,"梁翊婷","","ordinary",2557,,2019,"J01",,,"民主黨","民主",,"觀塘社區主任","2019-10-08","nominated",0,0,false
4719,"潘任惠珍","","ordinary",2356,,2019,"J02",,," ","民主",," ","2019-10-04","nominated",0,0,false
4720,"黎裕興","","ordinary",2844,,2019,"J02",,," ","其他",," ","2019-10-11","nominated",0,0,false
4721,"尹家謙","","ordinary",2558,,2019,"J03",,,"民主黨","民主",,"社區主任","2019-10-08","nominated",0,0,false
4722,"歐陽均諾","","ordinary",1910,,2019,"J03",,,"民建聯","建制",,"區議員","2019-10-09","nominated",0,0,false
4723,"畢東尼","","ordinary",2406,,2019,"J04",,,"公民黨","民主",," ","2019-10-04","nominated",0,0,false
4724,"黎寶桂","","ordinary",2559,,2019,"J05",,,"民主黨","民主",,"立法會議員助理","2019-10-08","nominated",0,0,false
4725,"陳俊傑","","ordinary",2022,,2019,"J05",,,"民建聯","建制",,"全職區議員","2019-10-09","nominated",0,0,false
4726,"林子權","","ordinary",2760,,2019,"J06",,," ","民主",,"導師","2019-10-09","nominated",0,0,false
4727,"譚肇卓","","ordinary",1573,,2019,"J06",,,"民建聯","建制",,"區議員","2019-10-09","nominated",0,0,false
4728,"黃家樂","","ordinary",714,,2019,"J07",,," ","民主",,"社區主任","2019-10-05","nominated",0,0,false
4729,"顏汶羽","","ordinary",1422,,2019,"J07",,,"民建聯","建制",,"區議員","2019-10-09","nominated",0,0,false
4730,"莫建成","","ordinary",185,,2019,"J08",,,"民主黨","民主",," ","2019-10-08","nominated",0,0,false
4731,"符碧珍","","ordinary",1096,,2019,"J09",,,"獨立候選人","建制",,"全職區議員","2019-10-04","nominated",0,0,false
4732,"曾榮輝","","ordinary",2761,,2019,"J10",,," ","民主",," ","2019-10-09","nominated",0,0,false
4733,"蔡澤鴻","","ordinary",1315,,2019,"J10",,," ","民主",,"區議員","2019-10-10","nominated",0,0,false
4734,"林冠存","","ordinary",2560,,2019,"J11",,,"民主黨","民主",,"議員助理","2019-10-08","nominated",0,0,false
4735,"鄧威文","","ordinary",2561,,2019,"J12",,," ","民主",,"社區主任","2019-10-08","nominated",0,0,false
4736,"蘇偉洋","","ordinary",2562,,2019,"J13",,," ","民主",,"零售及電子商貿","2019-10-08","nominated",0,0,false
4737,"張培剛","","ordinary",2023,,2019,"J13",,,"民建聯","建制",," ","2019-10-09","nominated",0,0,false
4738,"許有為","","ordinary",2762,,2019,"J14",,," ","建制",," ","2019-10-09","nominated",0,0,false
4739,"李梓成","","ordinary",2563,,2019,"J15",,," ","民主",,"社區主任","2019-10-08","nominated",0,0,false
4740,"陳耀雄","","ordinary",1857,,2019,"J15",,," ","建制",," ","2019-10-11","nominated",0,0,false
4741,"馮家龍","","ordinary",2564,,2019,"J16",,," ","民主",," ","2019-10-08","nominated",0,0,false
4742,"洪錦鉉","","ordinary",287,,2019,"J16",,,"民建聯","建制",,"區議員","2019-10-09","nominated",0,0,false
4743,"柯創盛","","ordinary",1319,,2019,"J17",,,"民建聯","建制",,"全職議員","2019-10-09","nominated",0,0,false
4744,"葉梓傑","","ordinary",2565,,2019,"J18",,,"民主黨","民主",," ","2019-10-08","nominated",0,0,false
4745,"余邵倫","","ordinary",2763,,2019,"J18",,,"工聯會、民建聯","建制",," ","2019-10-09","nominated",0,0,false
4746,"簡銘東","","ordinary",867,,2019,"J19",,,"工聯會","建制",,"民選區議員","2019-10-09","nominated",0,0,false
4747,"陳易舜","","ordinary",2566,,2019,"J20",,,"獨立民主派","民主",,"社區主任","2019-10-08","nominated",0,0,false
4748,"陳汶堅","","ordinary",1317,,2019,"J21",,,"民主黨","民主",," ","2019-10-08","nominated",0,0,false
4749,"何啟明","","ordinary",1493,,2019,"J21",,,"工聯會","建制",,"民選區議員、立法會議員","2019-10-09","nominated",0,0,false
4750,"陳宇明","","ordinary",1754,,2019,"J21",,," ","其他",,"軟件工程師","2019-10-11","nominated",0,0,false
4751,"黃啟燊","","ordinary",1674,,2019,"J22",,,"香港工會聯合會","建制",,"社區工作者","2019-10-09","nominated",0,0,false
4752,"謝淑珍","","ordinary",1070,,2019,"J22",,," ","民主",,"全職區議員","2019-10-09","nominated",0,0,false
4753,"龔振祺","","ordinary",2567,,2019,"J23",,," ","民主",,"初創公司創辦人","2019-10-08","nominated",0,0,false
4754,"張琪騰","","ordinary",944,,2019,"J23",,,"民建聯","建制",," ","2019-10-09","nominated",0,0,false
4755,"龐智笙","","ordinary",2568,,2019,"J24",,,"公屋聯會","建制",," ","2019-10-04","nominated",0,0,false
4756,"鍾淬坤","","ordinary",2569,,2019,"J24",,," ","民主",," ","2019-10-08","nominated",0,0,false
4757,"王偉麟","","ordinary",2570,,2019,"J25",,," ","民主",,"放射師(ROC)","2019-10-08","nominated",0,0,false
4758,"黎樹濠","","ordinary",137,,2019,"J25",,,"獨立候選人","建制",,"區議員","2019-10-10","nominated",0,0,false
4759,"黃邵南","","ordinary",2571,,2019,"J26",,,"獨立民主派","民主",,"社區主任","2019-10-08","nominated",0,0,false
4760,"李煒林","","ordinary",2572,,2019,"J27",,,"公民黨","民主",," ","2019-10-04","nominated",0,0,false
4761,"呂奭群","","ordinary",2573,,2019,"J28",,," ","建制",,"教師","2019-10-04","nominated",0,0,false
4762,"王嘉盈","","ordinary",722,,2019,"J28",,,"公民黨","民主",," ","2019-10-04","nominated",0,0,false
4763,"洪駿軒","","ordinary",2574,,2019,"J29",,,"民主黨","民主",,"社區主任","2019-10-08","nominated",0,0,false
4764,"張敏峯","","ordinary",2575,,2019,"J30",,," ","民主",,"社工","2019-10-08","nominated",0,0,false
4765,"蘇麗珍","","ordinary",1381,,2019,"J30",,,"獨立候選人","建制",,"全職區議員","2019-10-11","nominated",0,0,false
4766,"鄭景陽","","ordinary",1461,,2019,"J31",,,"民主黨","民主",,"區議員","2019-10-08","nominated",0,0,false
4767,"梁凱晴","","ordinary",2576,,2019,"J32",,," ","民主",,"會計","2019-10-08","nominated",0,0,false
4768,"李嘉達","","ordinary",2577,,2019,"J33",,,"民主動力","民主",,"註冊社工","2019-10-08","nominated",0,0,false
4769,"李嘉恒","","ordinary",1465,,2019,"J34",,,"工聯會","建制",,"社區工作者","2019-10-09","nominated",0,0,false
4770,"蘇冠聰","","ordinary",791,,2019,"J34",,," ","民主",,"區議員","2019-10-09","nominated",0,0,false
4771,"梁力","","ordinary",2764,,2019,"J35",,,"工聯會","建制",,"工會工作者","2019-10-09","nominated",0,0,false
4772,"黃子健","","ordinary",1822,,2019,"J35",,," ","民主",,"全職區議員","2019-10-09","nominated",0,0,false
4773,"陳嘉言","","ordinary",2578,,2019,"J36",,," ","民主",,"電梯工程師","2019-10-08","nominated",0,0,false
4774,"馬軼超","","ordinary",817,,2019,"J36",,," ","建制",,"觀塘區議會議員","2019-10-08","nominated",0,0,false
4775,"金堅","","ordinary",947,,2019,"J37",,," ","建制",,"區議員","2019-10-04","nominated",0,0,false
4776,"黃啟明","","ordinary",59,,2019,"J37",,,"民主黨","民主",," ","2019-10-08","nominated",0,0,false
4777,"鄭駿樺","","ordinary",2579,,2019,"J38",,," ","民主",," ","2019-10-08","nominated",0,0,false
4778,"梁騰丰","","ordinary",1751,,2019,"J38",,,"民建聯","建制",," ","2019-10-09","nominated",0,0,false
4779,"李詠珊","","ordinary",2580,,2019,"J39",,," ","民主",," ","2019-10-08","nominated",0,0,false
4780,"張姚彬","","ordinary",1464,,2019,"J39",,," ","建制",,"區議員","2019-10-09","nominated",0,0,false
4781,"李軍澤","","ordinary",2581,,2019,"J40",,,"公民黨","民主",," ","2019-10-04","nominated",0,0,false
4782,"葉興國","","ordinary",2213,,2019,"J40",,,"獨立候選人","建制",,"區議員","2019-10-09","nominated",0,0,false
4783,"羅少傑","","ordinary",245,,2019,"K01",,," ","建制",,"董事總經理","2019-10-05","nominated",0,0,false
4784,"劉肇軒","","ordinary",2765,,2019,"K01",,,"荃民議政","民主",,"社區主任","2019-10-09","nominated",0,0,false
4785,"伍俊瑜","","ordinary",2582,,2019,"K02",,,"民建聯","建制",,"助理業務支援經理","2019-10-04","nominated",0,0,false
4786,"林錫添","","ordinary",1859,,2019,"K02",,,"荃灣社區網絡","民主",," ","2019-10-09","nominated",0,0,false
4787,"陳杰","","ordinary",2583,,2019,"K03",,,"民建聯","建制",,"航行業行政人員","2019-10-04","nominated",0,0,false
4788,"馬庭熙","","ordinary",2766,,2019,"K03",,,"實政圓桌","建制",," ","2019-10-09","nominated",0,0,false
4789,"陸靈中","","ordinary",2767,,2019,"K03",,,"公民黨","民主",,"補習老師","2019-10-09","nominated",0,0,false
4790,"莫遠君","","ordinary",2584,,2019,"K04",,,"獨立候選人","建制",,"企業行政部經理","2019-10-08","nominated",0,0,false
4791,"岑敖暉","","ordinary",2585,,2019,"K04",,,"朱凱迪新西團隊、民主動力","民主",,"社區幹事","2019-10-08","nominated",0,0,false
4792,"林琳","","ordinary",950,,2019,"K05",,,"民建聯","建制",,"區議員","2019-10-04","nominated",0,0,false
4793,"易承聰","","ordinary",2768,,2019,"K05",,,"民主黨","民主",,"認可調解員、高級社區政策顧問","2019-10-09","nominated",0,0,false
4794,"古揚邦","","ordinary",741,,2019,"K06",,,"民建聯","建制",,"荃灣區議員","2019-10-04","nominated",0,0,false
4795,"曾大","","ordinary",1865,,2019,"K07",,,"民建聯","建制",,"社區幹事","2019-10-04","nominated",0,0,false
4796,"李洪波","","ordinary",1211,,2019,"K07",,," ","民主",," ","2019-10-09","nominated",0,0,false
4797,"田北辰","","ordinary",949,,2019,"K08",,,"實政圓桌","建制",,"立法會議員、區議員","2019-10-09","nominated",0,0,false
4798,"劉卓裕","","ordinary",2769,,2019,"K08",,,"荃民議政","民主",,"行政管理人員","2019-10-09","nominated",0,0,false
4799,"葛兆源","","ordinary",1626,,2019,"K09",,,"工聯會","建制",,"民選區議員","2019-10-04","nominated",0,0,false
4800,"黃湛聯","","ordinary",2770,,2019,"K09",,,"民主黨","民主",,"眼鏡出口貿易經理","2019-10-09","nominated",0,0,false
4801,"潘朗聰","","ordinary",2586,,2019,"K10",,,"新民主同盟","民主",,"社區主任","2019-10-04","nominated",0,0,false
4802,"林發耿","","ordinary",517,,2019,"K10",,," ","建制",,"區議員","2019-10-08","nominated",0,0,false
4803,"譚凱邦","","ordinary",1826,,2019,"K11",,,"新民主同盟","民主",,"全職區議員","2019-10-04","nominated",0,0,false
4804,"譚蓓欣","","ordinary",2771,,2019,"K12",,,"荃民議政","民主",,"補習老師","2019-10-09","nominated",0,0,false
4805,"伍顯龍","","ordinary",2024,,2019,"K12",,,"獨立","其他",,"建築師","2019-10-10","nominated",0,0,false
4806,"鄭捷彬","","ordinary",2772,,2019,"K13",,,"實政圓桌","建制",,"全職區議員","2019-10-09","nominated",0,0,false
4807,"劉志雄","","ordinary",1736,,2019,"K13",,," ","民主",,"牧師","2019-10-11","nominated",0,0,false
4808,"黃偉傑","","ordinary",1010,,2019,"K14",,," ","建制",,"區議員","2019-10-04","nominated",0,0,false
4809,"謝旻澤","","ordinary",2773,,2019,"K14",,," ","民主",," ","2019-10-09","nominated",0,0,false
4810,"趙恩來","","ordinary",1823,,2019,"K15",,,"工黨","民主",,"社區幹事","2019-10-04","nominated",0,0,false
4811,"林婉濱","","ordinary",1425,,2019,"K15",,," ","建制",,"區議員","2019-10-08","nominated",0,0,false
4812,"陳振中","","ordinary",693,,2019,"K16",,,"民建聯","建制",,"荃灣區議員","2019-10-09","nominated",0,0,false
4813,"賴文輝","","ordinary",2078,,2019,"K16",,,"民主黨","民主",,"社區主任","2019-10-09","nominated",0,0,false
4814,"文裕明","","ordinary",1285,,2019,"K17",,,"公屋聯會、新界社團聯會","建制",,"全職區議員","2019-10-04","nominated",0,0,false
4815,"廖浩雲","","ordinary",2774,,2019,"K17",,,"公民黨","民主",,"理財策劃","2019-10-09","nominated",0,0,false
4816,"馮卓森","","ordinary",2587,,2019,"K18",,,"公屋聯會","建制",," ","2019-10-04","nominated",0,0,false
4817,"黃家華","","ordinary",291,,2019,"K18",,,"公民黨","民主",,"全職區議員","2019-10-09","nominated",0,0,false
4818,"林顯輝","","ordinary",2588,,2019,"K19",,,"民建聯","建制",," ","2019-10-04","nominated",0,0,false
4819,"陳琬琛","","ordinary",2379,,2019,"K19",,,"公民黨","民主",,"區議員","2019-10-09","nominated",0,0,false
4820,"黎駿穎","","ordinary",2589,,2019,"L01",,,"民主黨","民主",,"立法會議員助理","2019-10-04","nominated",0,0,false
4821,"林頌鎧","","ordinary",1393,,2019,"L02",,,"民主黨","民主",,"全職區議員","2019-10-04","nominated",0,0,false
4822,"馮沛賢","","ordinary",1594,,2019,"L03",,,"工聯會、民建聯","建制",,"社區幹事","2019-10-04","nominated",0,0,false
4823,"葉文斌","","ordinary",1628,,2019,"L04",,,"民建聯","建制",,"屯門區議員","2019-10-04","nominated",0,0,false
4824,"甄霈霖","","ordinary",2590,,2019,"L04",,,"民主動力、朱凱廸新西團隊","民主",,"插畫師","2019-10-08","nominated",0,0,false
4825,"林健翔","","ordinary",2591,,2019,"L05",,,"工黨","民主",,"社區組織者","2019-10-08","nominated",0,0,false
4826,"曾憲康","","ordinary",1839,,2019,"L05",,,"民建聯","建制",,"註冊社工、全職區議員","2019-10-09","nominated",0,0,false
4827,"葉俊遠","","ordinary",2592,,2019,"L06",,,"民建聯","建制",,"律師","2019-10-04","nominated",0,0,false
4828,"林明恩","","ordinary",2593,,2019,"L06",,,"工黨","民主",,"社區組織者","2019-10-08","nominated",0,0,false
4829,"潘智鍵","","ordinary",2594,,2019,"L07",,,"屯門社區網絡","民主",,"社區主任","2019-10-04","nominated",0,0,false
4830,"朱耀華","","ordinary",1394,,2019,"L07",,,"實政圓桌","建制",,"區議員","2019-10-10","nominated",0,0,false
4831,"黃丹晴","","ordinary",2595,,2019,"L08",,,"屯門社區網絡","民主",,"註冊社工","2019-10-04","nominated",0,0,false
4832,"吳鍱珮","","ordinary",2775,,2019,"L08",,,"獨立候選人","建制",,"社區工作者","2019-10-09","nominated",0,0,false
4833,"羅焯勇","","ordinary",2596,,2019,"L09",,,"屯門社區網絡","民主",,"社會工作者","2019-10-04","nominated",0,0,false
4834,"陳有海","","ordinary",2322,,2019,"L09",,,"香港工會聯合會","建制",,"區議員","2019-10-04","nominated",0,0,false
4835,"曾振興","","ordinary",1430,,2019,"L10",,,"屯門社區網絡","民主",,"社區主任","2019-10-04","nominated",0,0,false
4836,"徐帆","","ordinary",2324,,2019,"L10",,,"香港工會聯合會","建制",,"區議員","2019-10-04","nominated",0,0,false
4837,"張可森","","ordinary",2597,,2019,"L11",,,"屯結新墟","民主",,"大學助教","2019-10-04","nominated",0,0,false
4838,"陳滙熙","","ordinary",2828,,2019,"L11",,,"無黨派","建制",,"社區服務主任","2019-10-10","nominated",0,0,false
4839,"馬旗","","ordinary",2126,,2019,"L12",,,"民主黨","民主",,"藥劑師","2019-10-04","nominated",0,0,false
4840,"劉啟文","","ordinary",2776,,2019,"L12",,,"實政圓桌","建制",,"社區幹事","2019-10-09","nominated",0,0,false
4841,"巫堃泰","","ordinary",2598,,2019,"L13",,,"獨立","民主",,"貿易公司董事","2019-10-04","nominated",0,0,false
4842,"朱順雅","","ordinary",801,,2019,"L14",,,"民主黨","民主",,"全職區議員","2019-10-04","nominated",0,0,false
4843,"方淳恩","","ordinary",2777,,2019,"L14",,," ","建制",," ","2019-10-09","nominated",0,0,false
4844,"張恒輝","","ordinary",1348,,2019,"L15",,,"民主建港協進聯盟","建制",,"全職區議員","2019-10-04","nominated",0,0,false
4845,"黃虹銘","","ordinary",2599,,2019,"L15",,,"民協","民主",,"執業律師","2019-10-08","nominated",0,0,false
4846,"甄紹南","","ordinary",2083,,2019,"L16",,,"民協","民主",,"區議員","2019-10-08","nominated",0,0,false
4847,"蔡承憲","","ordinary",2778,,2019,"L16",,,"民建聯","建制",,"助理統籌主任","2019-10-09","nominated",0,0,false
4848,"梁健文","","ordinary",802,,2019,"L17",,,"民建聯","建制",,"秘書","2019-10-04","nominated",0,0,false
4849,"周啟廉","","ordinary",1468,,2019,"L17",,,"民協","民主",,"全職社區主任","2019-10-08","nominated",0,0,false
4850,"鍾健峰","","ordinary",2600,,2019,"L18",,,"民建聯","建制",,"社區主任","2019-10-08","nominated",0,0,false
4851,"李家偉","","ordinary",2601,,2019,"L19",,,"富新一代","民主",,"社區主任","2019-10-04","nominated",0,0,false
4852,"盧俊宇","","ordinary",2602,,2019,"L20",,,"民主黨","民主",,"法規經理","2019-10-04","nominated",0,0,false
4853,"何君堯","","ordinary",1916,,2019,"L20",,,"獨立候選人","建制",,"律師","2019-10-08","nominated",0,0,false
4854,"曾錦榮","","ordinary",2603,,2019,"L21",,,"龍門關注組","民主",,"註冊社工","2019-10-04","nominated",0,0,false
4855,"龍瑞卿","","ordinary",1349,,2019,"L21",,,"民主建港協進聯盟","建制",," ","2019-10-04","nominated",0,0,false
4856,"黃麗嫦","","ordinary",223,,2019,"L22",,,"民主黨","民主",,"全職區議員","2019-10-04","nominated",0,0,false
4857,"陳暹恆","","ordinary",2779,,2019,"L22",,,"民建聯","建制",,"助理統籌主任","2019-10-09","nominated",0,0,false
4858,"王德源","","ordinary",2604,,2019,"L23",,,"屯門社區網絡","民主",,"社區主任","2019-10-04","nominated",0,0,false
4859,"程志紅","","ordinary",1225,,2019,"L23",,,"民建聯","建制",,"全職區議員","2019-10-04","nominated",0,0,false
4860,"鄧文傑","","ordinary",2605,,2019,"L23",,,"熱血公民","民主",,"議員助理","2019-10-08","nominated",0,0,false
4861,"梁灝文","","ordinary",2606,,2019,"L24",,,"獨立民主派、民主派區選聯盟","民主",,"社會學研究員","2019-10-04","nominated",0,0,false
4862,"李洪森","","ordinary",1397,,2019,"L24",,,"香港工會聯合會","建制",,"區議員","2019-10-04","nominated",0,0,false
4863,"梁逸朗","","ordinary",2607,,2019,"L24",,,"熱血公民","民主",,"議員助理","2019-10-08","nominated",0,0,false
4864,"張贊華","","ordinary",2608,,2019,"L25",,,"獨立民主派","民主",," ","2019-10-04","nominated",0,0,false
4865,"蘇嘉雯","","ordinary",956,,2019,"L25",,,"實政圓桌","建制",,"律師","2019-10-04","nominated",0,0,false
4866,"陳文華","","ordinary",1162,,2019,"L26",,,"民建聯","建制",,"全職區議員","2019-10-04","nominated",0,0,false
4867,"羅佩麗","","ordinary",2609,,2019,"L26",,,"民主動力、朱凱廸新西團隊","民主",,"教師","2019-10-08","nominated",0,0,false
4868,"巫成鋒","","ordinary",1431,,2019,"L27",,,"民建聯","建制",,"屯門區議員","2019-10-04","nominated",0,0,false
4869,"陳樹英","","ordinary",2392,,2019,"L27",,,"民主黨","民主",,"社區發展主任","2019-10-08","nominated",0,0,false
4870,"盧偉明","","ordinary",2610,,2019,"L28",,,"民主黨","民主",,"教協副總幹事","2019-10-04","nominated",0,0,false
4871,"賴嘉汶","","ordinary",2611,,2019,"L28",,,"民建聯","建制",," ","2019-10-04","nominated",0,0,false
4872,"黃梓雋","","ordinary",2780,,2019,"L28",,,"實政圓桌","建制",," ","2019-10-09","nominated",0,0,false
4873,"陶錫源","","ordinary",1224,,2019,"L29",,," ","建制",,"公司董事","2019-10-11","nominated",0,0,false
4874,"陳文偉","","ordinary",897,,2019,"L30",,,"香港工會聯合會","建制",,"屯門區議員","2019-10-04","nominated",0,0,false
4875,"何國豪","","ordinary",2612,,2019,"L30",,,"匯政衞言","民主",,"社區主任","2019-10-05","nominated",0,0,false
4876,"何杏梅","","ordinary",2325,,2019,"L31",,,"民主黨","民主",,"全職區議員","2019-10-04","nominated",0,0,false
4877,"陳敬倫","","ordinary",2613,,2019,"M01",,," ","民主",,"視藝導師","2019-10-08","nominated",0,0,false
4878,"石景澄","","ordinary",2614,,2019,"M02",,,"民主陣線","民主",,"社區主任","2019-10-04","nominated",0,0,false
4879,"麥業成","","ordinary",1399,,2019,"M03",,,"民主陣線","民主",,"全職議員","2019-10-04","nominated",0,0,false
4880,"莊展銘","","ordinary",2781,,2019,"M03",,,"民建聯","建制",,"社區主任","2019-10-09","nominated",0,0,false
4881,"張秀賢","","ordinary",2615,,2019,"M04",,," ","民主",," ","2019-10-04","nominated",0,0,false
4882,"王威信","","ordinary",1531,,2019,"M04",,,"經民聯","建制",,"律師","2019-10-09","nominated",0,0,false
4883,"梁明堅","","ordinary",1840,,2019,"M05",,," ","建制",,"區議員","2019-10-08","nominated",0,0,false
4884,"方浩軒","","ordinary",2829,,2019,"M05",,,"動元十八","民主",,"碩士生","2019-10-10","nominated",0,0,false
4885,"袁敏兒","","ordinary",1015,,2019,"M06",,,"獨立候選人","建制",,"區議員","2019-10-04","nominated",0,0,false
4886,"黎國泳","","ordinary",2616,,2019,"M06",,,"朱凱廸新西團隊、民主動力","民主",,"社區幹事","2019-10-08","nominated",0,0,false
4887,"黃偉賢","","ordinary",1352,,2019,"M07",,,"民主黨","民主",,"區議員","2019-10-04","nominated",0,0,false
4888,"林偉明","","ordinary",2617,,2019,"M07",,,"民建聯","建制",," ","2019-10-04","nominated",0,0,false
4889,"鄺俊宇","","ordinary",1634,,2019,"M08",,,"民主黨","民主",,"立法會議員","2019-10-04","nominated",0,0,false
4890,"譚煒霖","","ordinary",2618,,2019,"M08",,,"民建聯","建制",," ","2019-10-04","nominated",0,0,false
4891,"林廷衞","","ordinary",1941,,2019,"M09",,,"民主黨","民主",,"議員助理","2019-10-04","nominated",0,0,false
4892,"沈豪傑","","ordinary",1635,,2019,"M10",,," ","建制",,"律師","2019-10-04","nominated",0,0,false
4893,"劉晉宇","","ordinary",2830,,2019,"M10",,,"動元十八","民主",,"學生","2019-10-10","nominated",0,0,false
4894,"李俊威","","ordinary",2619,,2019,"M11",,,"民主動力","民主",," ","2019-10-04","nominated",0,0,false
4895,"林添福","","ordinary",986,,2019,"M11",,," ","建制",,"助理","2019-10-09","nominated",0,0,false
4896,"梁福元","","ordinary",1400,,2019,"M12",,," ","建制",,"區議員","2019-10-08","nominated",0,0,false
4897,"司徒博文","","ordinary",2845,,2019,"M12",,," ","民主",,"碩士生","2019-10-11","nominated",0,0,false
4898,"鄧龍威","","ordinary",2620,,2019,"M13",,," ","其他",,"社區主任","2019-10-08","nominated",0,0,false
4899,"梁德明","","ordinary",2621,,2019,"M13",,,"朱凱廸新西團隊、民主動力","民主",,"社區幹事","2019-10-08","nominated",0,0,false
4900,"陳樹暉","","ordinary",2622,,2019,"M14",,,"民主動力、朱凱廸新西團隊","民主",,"社區幹事","2019-10-08","nominated",0,0,false
4901,"徐君紹","","ordinary",2782,,2019,"M14",,,"民建聯","建制",,"社區幹事","2019-10-09","nominated",0,0,false
4902,"鄧家良","","ordinary",1163,,2019,"M15",,," ","建制",,"區議員","2019-10-08","nominated",0,0,false
4903,"鄧達善","","ordinary",2085,,2019,"M16",,," ","其他",,"商人","2019-10-08","nominated",0,0,false
4904,"林慧明","","ordinary",2623,,2019,"M17",,," ","建制",," ","2019-10-04","nominated",0,0,false
4905,"黃國雄","","ordinary",28,,2019,"M17",,," ","其他",," ","2019-10-04","nominated",0,0,false
4906,"區國權","","ordinary",2624,,2019,"M17",,,"朱凱廸新西團隊、民主動力","民主",,"社區幹事","2019-10-08","nominated",0,0,false
4907,"莊豪鋒","","ordinary",2783,,2019,"M17",,,"實政圓桌","建制",,"社區幹事","2019-10-09","nominated",0,0,false
4908,"侯文健","","ordinary",2625,,2019,"M18",,,"天水連線","民主",," ","2019-10-04","nominated",0,0,false
4909,"陳思靜","","ordinary",1701,,2019,"M18",,,"實政圓桌","建制",," ","2019-10-10","nominated",0,0,false
4910,"何惠彬","","ordinary",2626,,2019,"M19",,,"街坊工友服務處","民主",,"中心主任","2019-10-08","nominated",0,0,false
4911,"伍軒宏","","ordinary",2627,,2019,"M20",,,"民主黨","民主",,"立法會議員助理","2019-10-04","nominated",0,0,false
4912,"陳美蓮","","ordinary",852,,2019,"M21",,," ","民主",,"元朗區議員","2019-10-04","nominated",0,0,false
4913,"蘇淵","","ordinary",2628,,2019,"M21",,,"民建聯","建制",," ","2019-10-04","nominated",0,0,false
4914,"吳玉英","","ordinary",1972,,2019,"M22",,,"民主黨","民主",,"社區幹事","2019-10-04","nominated",0,0,false
4915,"湛家雄","","ordinary",2224,,2019,"M22",,," ","建制",," ","2019-10-08","nominated",0,0,false
4916,"黃志輝","","ordinary",807,,2019,"M23",,," ","其他",,"退休人士","2019-10-04","nominated",0,0,false
4917,"黎寳華","","ordinary",2629,,2019,"M23",,,"民主黨","民主",,"社區主任","2019-10-04","nominated",0,0,false
4918,"湯德駿","","ordinary",2630,,2019,"M23",,,"民建聯","建制",," ","2019-10-04","nominated",0,0,false
4919,"周永勤","","ordinary",2327,,2019,"M24",,," ","建制",,"區議員","2019-10-04","nominated",0,0,false
4920,"林進","","ordinary",2631,,2019,"M24",,,"天水連線","民主",," ","2019-10-04","nominated",0,0,false
4921,"黃子毅","","ordinary",2632,,2019,"M24",,,"無黨派","建制",,"中國律師","2019-10-08","nominated",0,0,false
4922,"陳詩雅","","ordinary",1526,,2019,"M25",,," ","民主",," ","2019-10-04","nominated",0,0,false
4923,"黃煒鈴","","ordinary",1971,,2019,"M25",,,"民建聯","建制",,"區議員","2019-10-04","nominated",0,0,false
4924,"張國棟","","ordinary",1533,,2019,"M26",,," ","其他",,"社區主任","2019-10-09","nominated",0,0,false
4925,"李煒鋒","","ordinary",1770,,2019,"M26",,,"民主派區選聯盟","民主",,"教育工作者","2019-10-11","nominated",0,0,false
4926,"伍健偉","","ordinary",2784,,2019,"M27",,," ","民主",," ","2019-10-09","nominated",0,0,false
4927,"康展華","","ordinary",2633,,2019,"M28",,," ","民主",,"議員助理","2019-10-04","nominated",0,0,false
4928,"賴玥均","","ordinary",2634,,2019,"M28",,," ","建制",,"議員助理","2019-10-04","nominated",0,0,false
4929,"郭文浩","","ordinary",2635,,2019,"M29",,,"民主黨","民主",,"註冊社工","2019-10-04","nominated",0,0,false
4930,"鄧焯謙","","ordinary",1434,,2019,"M29",,,"工聯會","建制",,"全職區議員","2019-10-09","nominated",0,0,false
4931,"關俊笙","","ordinary",2636,,2019,"M30",,,"天水連線","民主",," ","2019-10-04","nominated",0,0,false
4932,"郭慶平","","ordinary",1111,,2019,"M31",,,"獨立","建制",,"區議員","2019-10-05","nominated",0,0,false
4933,"王頴思","","ordinary",2785,,2019,"M31",,,"熱血公民","民主",,"社工","2019-10-09","nominated",0,0,false
4934,"王百羽","","ordinary",1683,,2019,"M32",,," ","民主",," ","2019-10-04","nominated",0,0,false
4935,"陸頌雄","","ordinary",900,,2019,"M32",,,"香港工會聯合會","建制",,"民選區議員","2019-10-08","nominated",0,0,false
4936,"巫啟航","","ordinary",2637,,2019,"M33",,," ","民主",,"社區主任","2019-10-04","nominated",0,0,false
4937,"曹健科","","ordinary",2638,,2019,"M33",,," ","其他",," ","2019-10-04","nominated",0,0,false
4938,"楊家安","","ordinary",1681,,2019,"M34",,," ","建制",,"全職區議員","2019-10-05","nominated",0,0,false
4939,"羅庭輝","","ordinary",2639,,2019,"M34",,," ","民主",,"經理","2019-10-08","nominated",0,0,false
4940,"黃頴灝","","ordinary",2640,,2019,"M35",,,"獨立","建制",,"回收商","2019-10-04","nominated",0,0,false
4941,"杜嘉倫","","ordinary",2035,,2019,"M35",,," ","民主",,"資訊科技、區議員","2019-10-08","nominated",0,0,false
4942,"張弓發","","ordinary",2641,,2019,"M35",,,"經民聯","建制",,"社區幹事","2019-10-08","nominated",0,0,false
4943,"文富穩","","ordinary",2642,,2019,"M36",,," ","其他",," ","2019-10-08","nominated",0,0,false
4944,"鄧卓然","","ordinary",324,,2019,"M37",,," ","建制",,"商人","2019-10-08","nominated",0,0,false
4945,"鄧鎔耀","","ordinary",1704,,2019,"M38",,," ","建制",,"民選區議員","2019-10-04","nominated",0,0,false
4946,"鄧志光","","ordinary",1946,,2019,"M38",,," ","其他",,"退休工人","2019-10-05","nominated",0,0,false
4947,"朱凱廸","","ordinary",1705,,2019,"M39",,,"民主動力","民主",,"立法會議員","2019-10-08","nominated",0,0,false
4948,"黎永添","","ordinary",2643,,2019,"M39",,," ","其他",,"退休校長","2019-10-08","nominated",0,0,false
4949,"周錦豪","","ordinary",2644,,2019,"N01",,,"聯和匯聚","民主",," ","2019-10-08","nominated",0,0,false
4950,"曾興隆","","ordinary",1875,,2019,"N01",,,"民建聯","建制",,"北區區議員","2019-10-09","nominated",0,0,false
4951,"黃凱盈","","ordinary",2645,,2019,"N02",,,"民主黨","民主",,"社區主任","2019-10-04","nominated",0,0,false
4952,"葉曜丞","","ordinary",541,,2019,"N02",,," ","建制",,"教育工作者","2019-10-08","nominated",0,0,false
4953,"彭振聲","","ordinary",1235,,2019,"N02",,,"獨立","建制",,"註冊專業工程師","2019-10-11","nominated",0,0,false
4954,"陳旭明","","ordinary",1684,,2019,"N03",,,"民主黨","民主",,"全職區議員","2019-10-04","nominated",0,0,false
4955,"林智洋","","ordinary",2786,,2019,"N03",,,"民建聯","建制",,"助理統籌主任","2019-10-09","nominated",0,0,false
4956,"張浚偉","","ordinary",2646,,2019,"N04",,,"北區藍圖","民主",," ","2019-10-08","nominated",0,0,false
4957,"姚銘","","ordinary",1112,,2019,"N04",,,"民建聯","建制",,"區議員","2019-10-09","nominated",0,0,false
4958,"陳惠達","","ordinary",514,,2019,"N05",,,"新民主同盟","民主",,"區議員","2019-10-04","nominated",0,0,false
4959,"潘孝汶","","ordinary",2787,,2019,"N05",,,"民建聯","建制",," ","2019-10-09","nominated",0,0,false
4960,"林淑菁","","ordinary",2647,,2019,"N06",,,"新民主同盟","民主",,"社區主任","2019-10-04","nominated",0,0,false
4961,"何樹光","","ordinary",1471,,2019,"N07",,," ","建制",,"行政及財務總監","2019-10-04","nominated",0,0,false
4962,"張正皓","","ordinary",2648,,2019,"N07",,," ","民主",,"作家","2019-10-08","nominated",0,0,false
4963,"黃良喜","","ordinary",1265,,2019,"N08",,,"新民主同盟","民主",,"財務總監、社區主任","2019-10-04","nominated",0,0,false
4964,"温和達","","ordinary",1601,,2019,"N08",,,"工聯會","建制",,"全職區議員","2019-10-05","nominated",0,0,false
4965,"袁浩倫","","ordinary",2649,,2019,"N09",,," ","民主",,"社工","2019-10-08","nominated",0,0,false
4966,"鄭仕蘭","","ordinary",2650,,2019,"N09",,," ","其他",,"自僱人士","2019-10-08","nominated",0,0,false
4967,"藍偉良","","ordinary",400,,2019,"N09",,,"公屋聯會、新界社團聯會","建制",,"保險理財顧問","2019-10-09","nominated",0,0,false
4968,"曾勁聰","","ordinary",1638,,2019,"N10",,,"香港工會聯合會","建制",,"區議員","2019-10-05","nominated",0,0,false
4969,"陳梓峯","","ordinary",2831,,2019,"N10",,," ","民主",," ","2019-10-10","nominated",0,0,false
4970,"侯福達","","ordinary",1436,,2019,"N11",,," ","建制",,"北區區議員","2019-10-04","nominated",0,0,false
4971,"林子琼","","ordinary",2651,,2019,"N12",,,"民主黨","民主",,"社區主任","2019-10-04","nominated",0,0,false
4972,"蘇西智","","ordinary",1241,,2019,"N12",,,"民建聯","建制",,"全職區議員","2019-10-09","nominated",0,0,false
4973,"林卓廷","","ordinary",1472,,2019,"N13",,,"民主黨","民主",,"北區區議員、立法會議員","2019-10-04","nominated",0,0,false
4974,"郭㙟豐","","ordinary",2652,,2019,"N14",,,"民主黨","民主",,"社區主任","2019-10-04","nominated",0,0,false
4975,"黃宏滔","","ordinary",1029,,2019,"N14",,,"工聯會","建制",,"區議員","2019-10-05","nominated",0,0,false
4976,"蔣旻正","","ordinary",2653,,2019,"N15",,,"民主派","民主",,"教育工作者","2019-10-08","nominated",0,0,false
4977,"廖興洪","","ordinary",1709,,2019,"N15",,,"民主建港協進聯盟","建制",,"區議員","2019-10-09","nominated",0,0,false
4978,"高維基","","ordinary",2788,,2019,"N16",,,"民建聯","建制",," ","2019-10-09","nominated",0,0,false
4979,"劉其烽","","ordinary",2089,,2019,"N17",,,"新民主同盟","民主",,"區議員","2019-10-04","nominated",0,0,false
4980,"柯倩儀","","ordinary",1117,,2019,"N17",,,"民主建港協進聯盟","建制",," ","2019-10-09","nominated",0,0,false
4981,"羅庭德","","ordinary",2654,,2019,"N18",,," ","民主",," ","2019-10-08","nominated",0,0,false
4982,"鄧根年","","ordinary",7,,2019,"N18",,,"民建聯","建制",,"區議員","2019-10-09","nominated",0,0,false
4983,"林名溢","","ordinary",2655,,2019,"P01",,,"大埔民主聯盟","民主",,"程式設計師","2019-10-08","nominated",0,0,false
4984,"張國慧","","ordinary",2051,,2019,"P01",,,"獨立候選人","建制",,"工程師","2019-10-09","nominated",0,0,false
4985,"譚榮勳","","ordinary",440,,2019,"P02",,,"民建聯","建制",,"區議員、註冊社工","2019-10-04","nominated",0,0,false
4986,"文念志","","ordinary",1538,,2019,"P02",,,"區政聯盟","民主",,"議員助理","2019-10-09","nominated",0,0,false
4987,"梅少峰","","ordinary",1921,,2019,"P03",,,"民主建港協進聯盟","建制",,"社區工作","2019-10-04","nominated",0,0,false
4988,"區鎮樺","","ordinary",629,,2019,"P03",,,"區政聯盟","民主",,"全職區議員、資深社區工作者","2019-10-09","nominated",0,0,false
4989,"蘇馬俊","","ordinary",961,,2019,"P04",,,"獨立候選人","其他",," ","2019-10-04","nominated",0,0,false
4990,"鄭俊平","","ordinary",344,,2019,"P04",,,"民建聯","建制",,"全職區議員","2019-10-04","nominated",0,0,false
4991,"區鎮濠","","ordinary",2039,,2019,"P04",,,"區政聯盟","民主",,"議員助理","2019-10-09","nominated",0,0,false
4992,"何偉霖","","ordinary",2656,,2019,"P05",,,"獨立候選人","其他",," ","2019-10-04","nominated",0,0,false
4993,"胡綽謙","","ordinary",1951,,2019,"P05",,,"民建聯","建制",,"議員助理","2019-10-04","nominated",0,0,false
4994,"任萬全","","ordinary",1711,,2019,"P05",,,"獨立候選人","民主",,"區議員","2019-10-09","nominated",0,0,false
4995,"羅志平","","ordinary",2657,,2019,"P06",,,"獨立候選人","建制",,"行政人員","2019-10-08","nominated",0,0,false
4996,"任啟邦","","ordinary",97,,2019,"P06",,,"新民主同盟","民主",,"全職區議員","2019-10-08","nominated",0,0,false
4997,"關永業","","ordinary",482,,2019,"P07",,,"新民主同盟","民主",,"區議員","2019-10-08","nominated",0,0,false
4998,"吳卓穎","","ordinary",2832,,2019,"P07",,,"工聯會","建制",,"社會工作者","2019-10-10","nominated",0,0,false
4999,"黃碧嬌","","ordinary",630,,2019,"P08",,,"民主建港協進聯盟","建制",,"全職區議員","2019-10-04","nominated",0,0,false
5000,"連桷璋","","ordinary",2789,,2019,"P08",,,"大埔民主聯盟","民主",,"廣告公司助理創作總監","2019-10-09","nominated",0,0,false
5001,"胡健民","","ordinary",1878,,2019,"P09",,,"民主建港協進聯盟","建制",,"全職區議員","2019-10-04","nominated",0,0,false
5002,"姚鈞豪","","ordinary",2790,,2019,"P09",,,"區政聯盟","民主",,"議員助理","2019-10-09","nominated",0,0,false
5003,"陳笑權","","ordinary",250,,2019,"P10",,," ","建制",,"區議員","2019-10-09","nominated",0,0,false
5004,"毛家俊","","ordinary",2846,,2019,"P10",,,"大埔民主聯盟","民主",,"教師","2019-10-11","nominated",0,0,false
5005,"黃兆健","","ordinary",2658,,2019,"P11",,,"熱血公民","民主",,"議員助理","2019-10-08","nominated",0,0,false
5006,"余智榮","","ordinary",151,,2019,"P11",,,"獨立候選人","建制",,"行政人員、區議員","2019-10-09","nominated",0,0,false
5007,"胡耀昌","","ordinary",2659,,2019,"P12",,,"新民主同盟","民主",,"政策研究","2019-10-08","nominated",0,0,false
5008,"羅曉楓","","ordinary",1763,,2019,"P12",,,"經民聯","建制",,"全職區議員","2019-10-09","nominated",0,0,false
5009,"陳振哲","","ordinary",2791,,2019,"P13",,,"大埔民主聯盟","民主",,"禮儀學院院長","2019-10-09","nominated",0,0,false
5010,"陳灶良","","ordinary",1119,,2019,"P13",,,"香港經濟民生聯盟","建制",,"區議員","2019-10-09","nominated",0,0,false
5011,"葉俊傑","","ordinary",2660,,2019,"P14",,,"民建聯","建制",," ","2019-10-04","nominated",0,0,false
5012,"周炫瑋","","ordinary",2090,,2019,"P14",,,"新民主同盟","民主",,"全職區議員、註冊社工","2019-10-08","nominated",0,0,false
5013,"鄭俊和","","ordinary",569,,2019,"P15",,,"獨立候選人","建制",,"區議員","2019-10-04","nominated",0,0,false
5014,"陳蔚嘉","","ordinary",2661,,2019,"P15",,,"獨立候選人","民主",,"社區主任","2019-10-08","nominated",0,0,false
5015,"劉勇威","","ordinary",1922,,2019,"P16",,,"獨立候選人","民主",,"全職區議員","2019-10-08","nominated",0,0,false
5016,"姚躍生","","ordinary",2792,,2019,"P17",,," ","民主",,"餐廳東主","2019-10-09","nominated",0,0,false
5017,"蘇達良","","ordinary",1797,,2019,"P18",,," ","民主",," ","2019-10-09","nominated",0,0,false
5018,"劉志成","","ordinary",962,,2019,"P18",,,"獨立候選人","建制",,"區議員","2019-10-09","nominated",0,0,false
5019,"李華光","","ordinary",1688,,2019,"P19",,,"經民聯","建制",,"區議員、公司董事","2019-10-04","nominated",0,0,false
5020,"譚爾培","","ordinary",2793,,2019,"P19",,," ","民主",,"大學畢業生","2019-10-09","nominated",0,0,false
5021,"梁衍忻","","ordinary",2662,,2019,"Q01",,,"民主動力、西貢鄉民","民主",,"大學職員","2019-10-04","nominated",0,0,false
5022,"吳仕福","","ordinary",485,,2019,"Q01",,,"民建聯","建制",,"公司董事","2019-10-09","nominated",0,0,false
5023,"陳權軍","","ordinary",2794,,2019,"Q02",,,"民建聯","建制",,"商人","2019-10-09","nominated",0,0,false
5024,"何偉航","","ordinary",2847,,2019,"Q02",,,"工黨","民主",,"教育幹事","2019-10-11","nominated",0,0,false
5025,"陳嘉琳","","ordinary",2663,,2019,"Q03",,,"民主動力、西貢鄉民","民主",,"研究幹事","2019-10-04","nominated",0,0,false
5026,"李家良","","ordinary",1843,,2019,"Q03",,,"民建聯","建制",,"區議員","2019-10-09","nominated",0,0,false
5027,"李賢浩","","ordinary",2664,,2019,"Q04",,,"民主派","民主",," ","2019-10-04","nominated",0,0,false
5028,"劉偉章","","ordinary",428,,2019,"Q04",,," ","建制",,"全職區議員","2019-10-09","nominated",0,0,false
5029,"余浚寧","","ordinary",2665,,2019,"Q05",,,"將向天晴","民主",,"社區主任","2019-10-08","nominated",0,0,false
5030,"邱浩麟","","ordinary",2795,,2019,"Q05",,,"民建聯","建制",," ","2019-10-09","nominated",0,0,false
5031,"黃炳雄","","ordinary",1879,,2019,"Q06",,,"民主派","民主",,"議員助理","2019-10-04","nominated",0,0,false
5032,"陳緯烈","","ordinary",2666,,2019,"Q06",,,"將軍澳青年力量、獨立民主派","民主",,"註冊護士","2019-10-04","nominated",0,0,false
5033,"何民傑","","ordinary",647,,2019,"Q06",,,"無黨派","建制",,"全職區議員、大學講師","2019-10-08","nominated",0,0,false
5034,"戴家柱","","ordinary",71,,2019,"Q06",,,"民建聯","建制",," ","2019-10-09","nominated",0,0,false
5035,"梁里","","ordinary",334,,2019,"Q07",,,"新民主同盟","民主",,"全職區議員","2019-10-04","nominated",0,0,false
5036,"何博浩","","ordinary",2796,,2019,"Q07",,,"民建聯","建制",,"全職社區主任","2019-10-09","nominated",0,0,false
5037,"莊榮輝","","ordinary",365,,2019,"Q08",,,"民主黨","民主",,"林卓廷立法會議員辦事處總幹事","2019-10-04","nominated",0,0,false
5038,"李栢棠","","ordinary",2667,,2019,"Q08",,,"民主派","民主",,"高級學位教師","2019-10-04","nominated",0,0,false
5039,"葉子祈","","ordinary",2668,,2019,"Q09",,," ","民主",," ","2019-10-04","nominated",0,0,false
5040,"黃成光","","ordinary",728,,2019,"Q09",,," ","其他",,"退休人士","2019-10-10","nominated",0,0,false
5041,"林樂儀","","ordinary",2669,,2019,"Q10",,,"獨立候選人","其他",,"議員助理","2019-10-04","nominated",0,0,false
5042,"趙志民","","ordinary",2670,,2019,"Q10",,,"民主派","民主",," ","2019-10-04","nominated",0,0,false
5043,"黎煒棠","","ordinary",2671,,2019,"Q10",,,"新民主同盟","民主",," ","2019-10-05","nominated",0,0,false
5044,"黃向賢","","ordinary",2672,,2019,"Q11",,,"獨立候選人","其他",,"議員助理","2019-10-04","nominated",0,0,false
5045,"謝正楓","","ordinary",1844,,2019,"Q11",,,"民主派","民主",,"註冊社工、區議員","2019-10-04","nominated",0,0,false
5046,"朱琳","","ordinary",2797,,2019,"Q11",,,"工聯會","建制",," ","2019-10-09","nominated",0,0,false
5047,"陸平才","","ordinary",523,,2019,"Q12",,,"民主派","民主",,"學位教師","2019-10-04","nominated",0,0,false
5048,"黃遠康","","ordinary",2798,,2019,"Q12",,,"工聯會","建制",,"社區工作者","2019-10-09","nominated",0,0,false
5049,"林素蔚","","ordinary",2673,,2019,"Q13",,,"獨立候選人","其他",,"議員助理、註冊社工","2019-10-04","nominated",0,0,false
5050,"呂文光","","ordinary",1925,,2019,"Q13",,,"新民主同盟","民主",,"全職區議員","2019-10-04","nominated",0,0,false
5051,"李嘉睿","","ordinary",2674,,2019,"Q14",,,"民主派","民主",," ","2019-10-04","nominated",0,0,false
5052,"簡兆祺","","ordinary",1985,,2019,"Q14",,," ","建制",,"全職區議員","2019-10-09","nominated",0,0,false
5053,"莊元苳","","ordinary",2053,,2019,"Q15",,,"民建聯","建制",,"全職區議員","2019-10-09","nominated",0,0,false
5054,"柯耀林","","ordinary",661,,2019,"Q15",,,"民主派","民主",,"營運總監","2019-10-09","nominated",0,0,false
5055,"林少忠","","ordinary",703,,2019,"Q16",,,"新民主同盟","民主",,"區議員","2019-10-04","nominated",0,0,false
5056,"蔡明禧","","ordinary",1927,,2019,"Q17",,,"獨立民主派","民主",,"助理工程師","2019-10-08","nominated",0,0,false
5057,"馮君安","","ordinary",2675,,2019,"Q18",,,"新民主同盟","民主",," ","2019-10-04","nominated",0,0,false
5058,"譚竹君","","ordinary",2799,,2019,"Q18",,,"新民黨、公民力量","建制",," ","2019-10-09","nominated",0,0,false
5059,"鍾錦麟","","ordinary",1641,,2019,"Q19",,,"新民主同盟","民主",,"區議員","2019-10-04","nominated",0,0,false
5060,"李國邦","","ordinary",2833,,2019,"Q19",,,"無黨派候選人","建制",,"全職社區幹事","2019-10-10","nominated",0,0,false
5061,"秦海城","","ordinary",2676,,2019,"Q20",,,"新民主同盟","民主",,"議員助理","2019-10-04","nominated",0,0,false
5062,"吳家竣","","ordinary",2848,,2019,"Q20",,," ","建制",," ","2019-10-11","nominated",0,0,false
5063,"范國威","","ordinary",256,,2019,"Q21",,,"新民主同盟","民主",,"區議員、立法會議員","2019-10-04","nominated",0,0,false
5064,"張偉超","","ordinary",2677,,2019,"Q22",,,"將軍澳青年力量、獨立民主派","民主",,"配鏡助理","2019-10-04","nominated",0,0,false
5065,"林咏然","","ordinary",638,,2019,"Q22",,," ","民主",," ","2019-10-08","nominated",0,0,false
5066,"温啟明","","ordinary",1544,,2019,"Q22",,,"民建聯","建制",,"全職區議員","2019-10-09","nominated",0,0,false
5067,"王卓雅","","ordinary",2678,,2019,"Q23",,,"民主派","民主",,"社區主任、認可調解員","2019-10-04","nominated",0,0,false
5068,"莫繡安","","ordinary",1474,,2019,"Q23",,,"民建聯","建制",,"社區主任","2019-10-09","nominated",0,0,false
5069,"陳耀初","","ordinary",2679,,2019,"Q24",,,"民主派","民主",,"資訊科技顧問","2019-10-04","nominated",0,0,false
5070,"陳博智","","ordinary",747,,2019,"Q24",,,"民建聯","建制",,"西貢區議員","2019-10-09","nominated",0,0,false
5071,"鄭仲文","","ordinary",2680,,2019,"Q25",,,"獨立民主派","民主",,"議員助理","2019-10-08","nominated",0,0,false
5072,"陳志豪","","ordinary",2800,,2019,"Q25",,,"新民黨、公民力量","建制",,"議員助理","2019-10-09","nominated",0,0,false
5073,"周賢明","","ordinary",612,,2019,"Q26",,,"獨立候選人","民主",,"社工","2019-10-04","nominated",0,0,false
5074,"陳宇婷","","ordinary",2801,,2019,"Q26",,,"工聯會","建制",," ","2019-10-09","nominated",0,0,false
5075,"黎銘澤","","ordinary",1768,,2019,"Q27",,,"新民主同盟","民主",,"全職區議員","2019-10-05","nominated",0,0,false
5076,"李嘉欣","","ordinary",2802,,2019,"Q27",,," ","其他",,"註冊中醫師","2019-10-09","nominated",0,0,false
5077,"陳展浚","","ordinary",2092,,2019,"Q28",,,"民主派、區政聯盟","民主",,"全職社區主任","2019-10-04","nominated",0,0,false
5078,"方國珊","","ordinary",1792,,2019,"Q28",,,"獨立候選人","其他",,"民選議員、工程師","2019-10-04","nominated",0,0,false
5079,"何梓聰","","ordinary",2681,,2019,"Q28",,,"無黨派候選人","民主",,"大學生","2019-10-08","nominated",0,0,false
5080,"岑子杰","","ordinary",2834,,2019,"R02",,,"社會民主連線","民主",," ","2019-10-10","nominated",0,0,false
5081,"李志宏","","ordinary",2682,,2019,"R03",,,"獨立民主派","民主",,"全職地區服務","2019-10-08","nominated",0,0,false
5082,"余倩雯","","ordinary",641,,2019,"R03",,,"民建聯","建制",,"全職區議員","2019-10-09","nominated",0,0,false
5083,"黃文萱","","ordinary",2683,,2019,"R04",,,"公民黨","民主",," ","2019-10-08","nominated",0,0,false
5084,"黃嘉榮","","ordinary",453,,2019,"R04",,,"新民黨","建制",,"退休中學教師","2019-10-09","nominated",0,0,false
5085,"梁家輝","","ordinary",547,,2019,"R05",,,"新民黨、公民力量","建制",,"區議員","2019-10-08","nominated",0,0,false
5086,"梁志偉","","ordinary",432,,2019,"R06",,," ","建制",,"社區幹事","2019-10-11","nominated",0,0,false
5087,"陳兆陽","","ordinary",1607,,2019,"R07",,,"獨立民主派","民主",,"區議員","2019-10-08","nominated",0,0,false
5088,"夏劍琨","","ordinary",2803,,2019,"R07",,,"公民力量、新民黨","建制",," ","2019-10-09","nominated",0,0,false
5089,"趙柱幫","","ordinary",2095,,2019,"R08",,,"沙田區政","民主",,"全職區議員","2019-10-08","nominated",0,0,false
5090,"鄧家彪","","ordinary",412,,2019,"R09",,,"工聯會、民建聯","建制",,"區議員","2019-10-04","nominated",0,0,false
5091,"盧德明","","ordinary",2684,,2019,"R09",,," ","民主",,"議員助理","2019-10-04","nominated",0,0,false
5092,"趙佩玉","","ordinary",2685,,2019,"R09",,," ","其他",,"活動統籌主任","2019-10-05","nominated",0,0,false
5093,"雷奕芳","","ordinary",2804,,2019,"R09",,," ","其他",," ","2019-10-09","nominated",0,0,false
5094,"丘文俊","","ordinary",1645,,2019,"R10",,,"獨立民主派","民主",,"全職區議員","2019-10-04","nominated",0,0,false
5095,"梁昊佳","","ordinary",2805,,2019,"R10",,,"新民黨、公民力量","建制",,"商人","2019-10-09","nominated",0,0,false
5096,"陳諾恒","","ordinary",1882,,2019,"R11",,,"公民黨","民主",,"區議員","2019-10-08","nominated",0,0,false
5097,"魏志偉","","ordinary",2806,,2019,"R11",,,"公民力量","建制",,"商人","2019-10-09","nominated",0,0,false
5098,"何偉俊","","ordinary",1735,,2019,"R12",,,"香港工會聯合會","建制",,"社區幹事","2019-10-04","nominated",0,0,false
5099,"程張迎","","ordinary",649,,2019,"R12",,,"民主黨","民主",,"區議員","2019-10-04","nominated",0,0,false
5100,"林玉華","","ordinary",2686,,2019,"R13",,,"獨立候選人","建制",,"註冊社工","2019-10-05","nominated",0,0,false
5101,"許鋭宇","","ordinary",1928,,2019,"R13",,,"獨立民主派","民主",,"全職區議員","2019-10-09","nominated",0,0,false
5102,"謝玉梅","","ordinary",2687,,2019,"R14",,," ","其他",," ","2019-10-04","nominated",0,0,false
5103,"陳運通","","ordinary",2688,,2019,"R14",,," ","民主",," ","2019-10-08","nominated",0,0,false
5104,"張宇添","","ordinary",2849,,2019,"R14",,," ","民主",,"議員助理","2019-10-11","nominated",0,0,false
5105,"唐學良","","ordinary",408,,2019,"R15",,,"公民力量、新民黨","建制",,"全職區議員","2019-10-10","nominated",0,0,false
5106,"黃浩鋒","","ordinary",2850,,2019,"R15",,,"沙田區政、獨立民主派","民主",,"全職社區服務","2019-10-11","nominated",0,0,false
5107,"張慶樺","","ordinary",2689,,2019,"R16",,,"新民主同盟","民主",,"議員助理","2019-10-08","nominated",0,0,false
5108,"羅健勤","","ordinary",2807,,2019,"R16",,,"公民力量、新民黨","建制",,"社區發展主任","2019-10-09","nominated",0,0,false
5109,"張德榮","","ordinary",1987,,2019,"R16",,,"2047香港監察","民主",,"退休攝影記者","2019-10-10","nominated",0,0,false
5110,"張柏源","","ordinary",2808,,2019,"R17",,,"新民黨、公民力量","建制",,"社區發展主任","2019-10-09","nominated",0,0,false
5111,"吳錦雄","","ordinary",1883,,2019,"R17",,," ","民主",,"沙田區議員","2019-10-11","nominated",0,0,false
5112,"曾杰","","ordinary",2809,,2019,"R18",,," ","民主",," ","2019-10-09","nominated",0,0,false
5113,"李世鴻","","ordinary",705,,2019,"R19",,," ","民主",,"區議員","2019-10-09","nominated",0,0,false
5114,"吳定霖","","ordinary",2690,,2019,"R20",,,"民主黨、民主動力","民主",," ","2019-10-04","nominated",0,0,false
5115,"董健莉","","ordinary",1646,,2019,"R20",,,"民建聯","建制",,"全職區議員","2019-10-09","nominated",0,0,false
5116,"姚皓兒","","ordinary",2810,,2019,"R21",,,"民建聯","建制",,"社區主任","2019-10-09","nominated",0,0,false
5117,"黃學禮","","ordinary",1610,,2019,"R21",,,"獨立民主派、沙田區政","民主",,"沙田區議員","2019-10-11","nominated",0,0,false
5118,"麥梓健","","ordinary",2691,,2019,"R22",,,"公民黨","民主",,"社區主任","2019-10-08","nominated",0,0,false
5119,"陳壇丹","","ordinary",2811,,2019,"R22",,,"民建聯","建制",,"註冊教師、社區主任","2019-10-09","nominated",0,0,false
5120,"雷啟榮","","ordinary",2692,,2019,"R23",,,"公民黨","民主",," ","2019-10-08","nominated",0,0,false
5121,"周曉嵐","","ordinary",2693,,2019,"R24",,,"民主黨、民主動力","民主",,"社區主任","2019-10-04","nominated",0,0,false
5122,"何偉樂","","ordinary",1956,,2019,"R24",,,"自由黨","建制",," ","2019-10-08","nominated",0,0,false
5123,"俞卓君","","ordinary",2694,,2019,"R25",,," ","建制",," ","2019-10-08","nominated",0,0,false
5124,"陳珮明","","ordinary",2695,,2019,"R25",,,"公民黨","民主",,"議員助理","2019-10-08","nominated",0,0,false
5125,"葉榮","","ordinary",1929,,2019,"R26",,,"工黨","民主",,"區議員","2019-10-08","nominated",0,0,false
5126,"龔美姿","","ordinary",2812,,2019,"R26",,,"民建聯","建制",,"財富策劃師","2019-10-09","nominated",0,0,false
5127,"陳天俊","","ordinary",2696,,2019,"R27",,," ","民主",,"講師","2019-10-04","nominated",0,0,false
5128,"吳啟泰","","ordinary",2813,,2019,"R27",,,"民建聯","建制",,"青年創業家","2019-10-09","nominated",0,0,false
5129,"李啟雄","","ordinary",2697,,2019,"R28",,," ","建制",,"校長","2019-10-04","nominated",0,0,false
5130,"李子榮","","ordinary",644,,2019,"R28",,," ","建制",,"中學教師","2019-10-05","nominated",0,0,false
5131,"邱文勁","","ordinary",2835,,2019,"R28",,,"獨立候選人","其他",,"社區主任","2019-10-10","nominated",0,0,false
5132,"李永成","","ordinary",407,,2019,"R29",,,"獨立民主派","民主",,"區議員","2019-10-11","nominated",0,0,false
5133,"麥潤培","","ordinary",1444,,2019,"R30",,,"獨立民主派","民主",,"區議員、註冊社工","2019-10-04","nominated",0,0,false
5134,"曾素麗","","ordinary",1773,,2019,"R31",,,"民主黨","民主",,"區議員","2019-10-04","nominated",0,0,false
5135,"廖子聰","","ordinary",1542,,2019,"R31",,,"新民黨、公民力量","建制",," ","2019-10-10","nominated",0,0,false
5136,"冼卓嵐","","ordinary",1889,,2019,"R33",,,"民主黨、民主動力","民主",,"社區發展主任","2019-10-04","nominated",0,0,false
5137,"李世榮","","ordinary",1795,,2019,"R33",,,"民建聯、新界社團聯會","建制",,"區議員","2019-10-09","nominated",0,0,false
5138,"方浩良","","ordinary",2698,,2019,"R34",,,"香港工會聯合會","建制",,"社區工作者","2019-10-04","nominated",0,0,false
5139,"鄭則文","","ordinary",621,,2019,"R34",,,"民主黨","民主",,"沙田區議員","2019-10-04","nominated",0,0,false
5140,"容溟舟","","ordinary",707,,2019,"R35",,,"公民黨","民主",,"區議員","2019-10-08","nominated",0,0,false
5141,"朱煥釗","","ordinary",2814,,2019,"R35",,,"民建聯","建制",,"全職社區主任","2019-10-09","nominated",0,0,false
5142,"招文亮","","ordinary",1551,,2019,"R36",,,"民建聯","建制",,"區議員","2019-10-09","nominated",0,0,false
5143,"勞越洲","","ordinary",2097,,2019,"R37",,,"民主動力、沙田社區關注社","民主",,"社區主任","2019-10-04","nominated",0,0,false
5144,"姚嘉俊","","ordinary",118,,2019,"R37",,,"公民力量、新民黨","建制",,"區議員","2019-10-09","nominated",0,0,false
5145,"劉青","","ordinary",2699,,2019,"R38",,,"民主黨","民主",," ","2019-10-04","nominated",0,0,false
5146,"林港坤","","ordinary",2815,,2019,"R38",,,"民建聯","建制",,"社區主任、博士","2019-10-09","nominated",0,0,false
5147,"陸梓峂","","ordinary",2700,,2019,"R39",,,"公民黨","民主",," ","2019-10-08","nominated",0,0,false
5148,"黃冰芬","","ordinary",1648,,2019,"R39",,,"民建聯","建制",,"區議員","2019-10-09","nominated",0,0,false
5149,"蔡振超","","ordinary",2046,,2019,"R40",,," ","其他",,"多媒體製作公司創辦人","2019-10-09","nominated",0,0,false
5150,"王虎生","","ordinary",2100,,2019,"R40",,,"民主建港協進聯盟","建制",,"全職區議員","2019-10-09","nominated",0,0,false
5151,"陳敏娟","","ordinary",991,,2019,"R41",,,"公民力量、新民黨","建制",,"全職區議員","2019-10-09","nominated",0,0,false
5152,"李偉樂","","ordinary",2701,,2019,"S01",,,"香港工會聯合會","建制",,"社區幹事","2019-10-04","nominated",0,0,false
5153,"梁志成","","ordinary",651,,2019,"S01",,,"街坊工友服務處","民主",,"列車車長","2019-10-09","nominated",0,0,false
5154,"駱小鸞","","ordinary",2702,,2019,"S02",,," ","建制",," ","2019-10-04","nominated",0,0,false
5155,"吳劍昇","","ordinary",656,,2019,"S02",,,"民主黨","民主",,"區議員","2019-10-08","nominated",0,0,false
5156,"伍志華","","ordinary",2703,,2019,"S03",,,"民建聯","建制",,"社區主任","2019-10-04","nominated",0,0,false
5157,"周偉雄","","ordinary",155,,2019,"S03",,,"民主動力","民主",,"區議員","2019-10-09","nominated",0,0,false
5158,"陳安妮","","ordinary",2704,,2019,"S04",,,"香港工會聯合會","建制",,"社區幹事","2019-10-04","nominated",0,0,false
5159,"許祺祥","","ordinary",359,,2019,"S04",,,"民主黨","民主",,"區議員、營業經理","2019-10-05","nominated",0,0,false
5160,"黃思鴻","","ordinary",2705,,2019,"S05",,,"香港工會聯合會","建制",,"社區幹事","2019-10-04","nominated",0,0,false
5161,"黃炳權","","ordinary",623,,2019,"S05",,,"民主黨","民主",,"區議員","2019-10-04","nominated",0,0,false
5162,"李宏峯","","ordinary",2102,,2019,"S06",,,"民建聯","建制",," ","2019-10-04","nominated",0,0,false
5163,"黃潤達","","ordinary",409,,2019,"S06",,,"民主動力","民主",,"區議員","2019-10-08","nominated",0,0,false
5164,"梁崗銘","","ordinary",1932,,2019,"S07",,,"民建聯","建制",," ","2019-10-04","nominated",0,0,false
5165,"梁錦威","","ordinary",1579,,2019,"S07",,,"民主動力","民主",,"區議員","2019-10-08","nominated",0,0,false
5166,"李世隆","","ordinary",1555,,2019,"S08",,,"民建聯","建制",,"區議員","2019-10-04","nominated",0,0,false
5167,"郭芙蓉","","ordinary",1934,,2019,"S09",,,"民建聯","建制",,"區議員","2019-10-04","nominated",0,0,false
5168,"何卓威","","ordinary",2706,,2019,"S09",,," ","其他",," ","2019-10-08","nominated",0,0,false
5169,"郭玲麗","","ordinary",2707,,2019,"S10",,,"民建聯","建制",," ","2019-10-04","nominated",0,0,false
5170,"劉貴梅","","ordinary",2708,,2019,"S10",,,"民主黨","民主",," ","2019-10-05","nominated",0,0,false
5171,"梁永權","","ordinary",625,,2019,"S11",,,"民主黨","民主",," ","2019-10-09","nominated",0,0,false
5172,"袁潤洪","","ordinary",2709,,2019,"S12",,,"民主建港協進聯盟","建制",," ","2019-10-04","nominated",0,0,false
5173,"林紹輝","","ordinary",200,,2019,"S12",,,"民主黨","民主",,"區議員","2019-10-05","nominated",0,0,false
5174,"梁國華","","ordinary",1247,,2019,"S13",,,"民主黨","民主",,"社區總幹事","2019-10-09","nominated",0,0,false
5175,"林映惠","","ordinary",2710,,2019,"S14",,,"民建聯","建制",,"助理統籌主任","2019-10-04","nominated",0,0,false
5176,"梁耀忠","","ordinary",361,,2019,"S14",,,"街坊工友服務處","民主",,"立法會議員","2019-10-10","nominated",0,0,false
5177,"鄧麗玲","","ordinary",2711,,2019,"S15",,,"民建聯","建制",," ","2019-10-04","nominated",0,0,false
5178,"唐皓文","","ordinary",2712,,2019,"S15",,,"民主黨","民主",,"社區主任","2019-10-08","nominated",0,0,false
5179,"黃耀聰","","ordinary",460,,2019,"S16",,,"經民聯","建制",,"區議員","2019-10-04","nominated",0,0,false
5180,"譚荏之","","ordinary",2713,,2019,"S16",,," ","其他",," ","2019-10-08","nominated",0,0,false
5181,"單仲偕","","ordinary",29,,2019,"S16",,,"民主黨","民主",," ","2019-10-08","nominated",0,0,false
5182,"戴沛珊","","ordinary",1775,,2019,"S16",,," ","其他",," ","2019-10-09","nominated",0,0,false
5183,"阮國基","","ordinary",157,,2019,"S16",,,"無黨派候選人","其他",,"前司法機構法庭書記","2019-10-10","nominated",0,0,false
5184,"朱麗玲","","ordinary",1581,,2019,"S17",,,"民建聯","建制",,"區議員","2019-10-04","nominated",0,0,false
5185,"張鈞翹","","ordinary",2714,,2019,"S17",,,"公民黨、民主動力","民主",,"地區發展主任","2019-10-08","nominated",0,0,false
5186,"鮑銘康","","ordinary",2103,,2019,"S18",,,"民建聯","建制",,"民選區議員","2019-10-04","nominated",0,0,false
5187,"蔡雅文","","ordinary",2816,,2019,"S18",,," ","民主",,"社區主任","2019-10-09","nominated",0,0,false
5188,"王天仁","","ordinary",2817,,2019,"S19",,," ","民主",,"藝術教育","2019-10-09","nominated",0,0,false
5189,"劉美璐","","ordinary",1719,,2019,"S20",,,"香港工會聯合會","建制",,"區議員","2019-10-08","nominated",0,0,false
5190,"梁靜珊","","ordinary",1479,,2019,"S20",,,"街坊工友服務處","民主",,"社工","2019-10-09","nominated",0,0,false
5191,"譚惠珍","","ordinary",33,,2019,"S21",,,"經民聯","建制",,"區議員","2019-10-04","nominated",0,0,false
5192,"譚家浚","","ordinary",2715,,2019,"S21",,,"公民黨","民主",,"議員助理","2019-10-08","nominated",0,0,false
5193,"麥美娟","","ordinary",109,,2019,"S22",,,"香港工會聯合會","建制",,"議員","2019-10-04","nominated",0,0,false
5194,"冼豪輝","","ordinary",2716,,2019,"S22",,,"公民黨","民主",,"立法會議員助理","2019-10-08","nominated",0,0,false
5195,"王必敏","","ordinary",2717,,2019,"S23",,,"青衣島民、民主動力","民主",,"廣告","2019-10-08","nominated",0,0,false
5196,"陳笑文","","ordinary",572,,2019,"S23",,,"獨立","建制",,"區議員","2019-10-11","nominated",0,0,false
5197,"張慧晶","","ordinary",411,,2019,"S24",,," ","其他",,"區議員","2019-10-09","nominated",0,0,false
5198,"譚世華","","ordinary",2851,,2019,"S24",,," ","其他",,"前助理救護服務主任","2019-10-11","nominated",0,0,false
5199,"李志強","","ordinary",871,,2019,"S25",,," ","建制",,"區議員","2019-10-04","nominated",0,0,false
5200,"韓俊賢","","ordinary",2836,,2019,"S25",,,"民主黨、民主動力","民主",,"社區主任、認可調解員","2019-10-10","nominated",0,0,false
5201,"王振霖","","ordinary",2818,,2019,"S26",,," ","民主",,"機艙服務員","2019-10-09","nominated",0,0,false
5202,"徐曉杰","","ordinary",1041,,2019,"S26",,,"實政圓桌","建制",,"區議員","2019-10-09","nominated",0,0,false
5203,"梁嘉銘","","ordinary",592,,2019,"S27",,,"民建聯","建制",,"社區工作者","2019-10-04","nominated",0,0,false
5204,"趙寶琴","","ordinary",2718,,2019,"S27",,,"民主動力、民主陣線","民主",,"註册護士","2019-10-08","nominated",0,0,false
5205,"潘志成","","ordinary",237,,2019,"S28",,,"民建聯","建制",,"區議員","2019-10-04","nominated",0,0,false
5206,"郭子健","","ordinary",2837,,2019,"S28",,,"民主動力","民主",,"地區工作者","2019-10-10","nominated",0,0,false
5207,"盧婉婷","","ordinary",1560,,2019,"S29",,,"民建聯","建制",,"區議員","2019-10-04","nominated",0,0,false
5208,"嚴浩源","","ordinary",2719,,2019,"S29",,,"熱血公民","民主",,"議員助理","2019-10-08","nominated",0,0,false
5209,"劉子傑","","ordinary",1885,,2019,"S30",,,"民主黨","民主",,"議員助理、認可調解員","2019-10-05","nominated",0,0,false
5210,"王佩珊","","ordinary",2720,,2019,"S30",,," ","其他",,"社區主任","2019-10-08","nominated",0,0,false
5211,"周漢森","","ordinary",2852,,2019,"S30",,,"獨立候選人","其他",,"資產管理(物業)","2019-10-11","nominated",0,0,false
5212,"羅競成","","ordinary",822,,2019,"S31",,,"民建聯","建制",,"全職區議員","2019-10-04","nominated",0,0,false
5213,"唐亦駿","","ordinary",2721,,2019,"S31",,," ","其他",,"社區主任","2019-10-08","nominated",0,0,false
5214,"張文龍","","ordinary",2853,,2019,"S31",,,"民主動力","民主",,"廣告自由工作者","2019-10-11","nominated",0,0,false
5215,"馮小燕","","ordinary",2722,,2019,"T01",,," ","民主",,"社區工作者","2019-10-05","nominated",0,0,false
5216,"余漢坤","","ordinary",1935,,2019,"T01",,," ","建制",,"公司行政人員","2019-10-09","nominated",0,0,false
5217,"王俊傑","","ordinary",2723,,2019,"T02",,,"工聯會、民建聯","建制",,"社區服務","2019-10-04","nominated",0,0,false
5218,"郭平","","ordinary",773,,2019,"T02",,,"獨立","民主",,"全職區議員","2019-10-08","nominated",0,0,false
5219,"劉展鵬","","ordinary",1553,,2019,"T03",,,"工聯會","建制",,"勞工及社區服務","2019-10-04","nominated",0,0,false
5220,"方龍飛","","ordinary",2724,,2019,"T03",,,"獨立候選人","民主",,"運輸","2019-10-08","nominated",0,0,false
5221,"周浩鼎","","ordinary",1561,,2019,"T04",,,"民建聯","建制",,"議員","2019-10-04","nominated",0,0,false
5222,"李嘉豪","","ordinary",2725,,2019,"T05",,,"公民黨","民主",,"議員助理","2019-10-08","nominated",0,0,false
5223,"傅曉琳","","ordinary",1617,,2019,"T05",,,"新民黨","建制",,"區議員","2019-10-11","nominated",0,0,false
5224,"葉培基","","ordinary",2726,,2019,"T06",,,"民建聯","建制",,"議員助理","2019-10-04","nominated",0,0,false
5225,"潘俊恩","","ordinary",2819,,2019,"T06",,,"實政圓桌","建制",,"社區幹事","2019-10-09","nominated",0,0,false
5226,"徐生雄","","ordinary",654,,2019,"T06",,,"民主黨","民主",,"保險代理人","2019-10-09","nominated",0,0,false
5227,"周元谷","","ordinary",2838,,2019,"T07",,," ","其他",,"年青企業家","2019-10-10","nominated",0,0,false
5228,"徐逸朗","","ordinary",2727,,2019,"T08",,," ","民主",,"社區組織者、設計師","2019-10-05","nominated",0,0,false
5229,"劉舜婷","","ordinary",2728,,2019,"T09",,,"民建聯","建制",,"社區助理","2019-10-04","nominated",0,0,false
5230,"崔靖青","","ordinary",2729,,2019,"T09",,," ","民主",,"社區工作者","2019-10-05","nominated",0,0,false
5231,"郭慧文","","ordinary",2457,,2019,"T10",,,"民建聯","建制",,"項目經理","2019-10-04","nominated",0,0,false
5232,"梁國豪","","ordinary",1828,,2019,"T10",,," ","民主",,"籃球裁判","2019-10-05","nominated",0,0,false
5233,"郭卓堅","","ordinary",712,,2019,"T10",,,"獨立人士","民主",,"退休人士","2019-10-10","nominated",0,0,false